pca_comp_1,pca_comp_2,pca_comp_3,pca_comp_4,pca_comp_5,pca_comp_6,pca_comp_7,pca_comp_8,pca_comp_9,pca_comp_10,pca_comp_11,pca_comp_12,pca_comp_13,phase_disambiguated
-52.94091540624939,78.18860577214923,3.826977357718974,-25.52656606998847,9.727704303678973,4.938035812396982,13.825651730135391,-1.7152870893433754,-1.189875936508031,7.021753663628118,-3.1125309893003412,0.7866691397032461,-0.028639460399210837,fluorite
-56.68451423376182,40.74679973267837,-19.369293547034097,-30.764419677900477,1.0217034269330938,-8.036979726443755,15.147051738518194,-1.328648270837851,1.1595084957320623,5.802887392683445,-0.8063948071484732,-0.41633149124722024,-0.03216882250320485,fluorite
-52.978311893398825,77.505429443863,7.087181505422549,-5.570037833923266,1.4416706868381226,2.442301769560564,12.174448998556777,-5.182351779017072,-4.3725564086911675,6.857242208534203,-1.5125303943146338,1.4927252594373144,-0.10507142662530766,fluorite
-52.94194247264889,78.18384713154079,3.75585139888355,-25.303198214960524,9.766964016710563,4.900494366251964,13.30647497881617,-1.9156593955936927,-0.8725968054578814,6.977658515920552,-3.1891859785486525,1.1061209229327673,-0.03149578482559301,fluorite
-45.289537901504474,40.431851855424384,-17.997939674765206,-30.524759809033426,2.0136270542673884,-9.29686235958183,14.042604053866128,-1.83333556465346,1.2449549448285282,5.62421805391547,-0.9559746312422115,0.12221812751267436,-0.03526685983949851,fluorite
-52.90877293772344,79.7381977001265,0.7983482018270678,-43.202182099032484,17.725737504572965,7.360222839031921,13.557189931899053,0.9819913386099675,2.8291547849455867,6.443413099585186,-4.824666311433358,1.2722715862786522,0.008796671021896518,fluorite
-45.23704332770774,43.274770170540165,-23.848482229772685,-59.32530618436155,15.203470984958347,-5.733669510397322,14.082335296374914,1.4458512450951897,5.901346018857275,4.51876775885512,-3.0557414499722375,0.06664053016112703,0.031112768697277637,fluorite
-42.79859800297058,48.35630812306208,-29.52390384609162,19.233070241691223,2.629475785255444,-1.8240652130933963,-6.39791282554701,2.2203739554337316,0.06324337138148906,2.6130397490926356,2.118684799665291,-0.41389357706338004,0.04406020831082058,spinel
-42.79859800297058,48.35630812306208,-29.52390384609162,19.233070241691223,2.629475785255444,-1.8240652130933963,-6.39791282554701,2.2203739554337316,0.06324337138148906,2.6130397490926356,2.118684799665291,-0.41389357706338004,0.04406020831082058,spinel
-40.949810998909925,-140.17731243766767,-19.301901919307888,-0.9886950436112301,-83.33030448128267,20.521719193194777,4.65697309668661,3.2666569271237513,4.8722081407118765,3.825403048975474,0.04147172225274809,0.9224560958461119,0.027601585759225333,perovskite
-62.438098600065956,-267.57763077735035,-28.003887598757508,-10.817468064550027,-30.96460767406048,-27.889870959898776,-19.73208446729594,0.6915852208934137,8.746220015451001,-11.096741542177703,-11.065097643486078,-1.2646774651035102,-0.035573349553747136,spinel
-42.788733870459254,48.962659415220784,-29.890623779253843,18.646556111905525,-0.2683915486712749,-2.531695559989407,-3.59011318100956,0.23252488424304119,-0.6901655438401733,1.3511408199323967,-2.6687801568434777,0.02797334143803809,0.09900494934872195,spinel
-47.557522881189605,69.21117959680186,-31.781034124033205,20.773841510279567,-2.5055883198275737,-3.1597509771400247,-3.6898633248621735,-0.6606529224719093,0.706264374829658,-8.99340842407075,0.004978579022422047,1.7076505121519077,-0.014325278258554341,spinel
-70.10477633735296,79.64221034758333,-22.35820448666415,21.770752941076466,2.193540773742228,4.745954506032645,-5.386968252891975,-0.7357691700179831,-0.06356876863890193,1.0790248314443858,-4.666110685338191,0.4696087666573163,0.03585448283746251,rock salt
-47.67213612579469,9.24937984435877,-18.998101258766795,36.202514488385475,-25.76029699027866,-17.262883982713586,8.250191365316862,-8.318576067979267,-9.926021673958907,-2.3995547318260364,1.3968857113962116,-2.272067765328302,-0.2137999940170714,perovskite
-47.560388372561235,68.9623113698561,-31.732757523062233,21.914015512777837,-1.6253085587699303,-2.517688898380335,-2.893114891984119,2.532647997127624,-1.4608868595691078,-5.903845793107301,4.058835514900123,-0.53439147167418,0.09441750913880553,spinel
-42.785440972740304,55.588207343074004,-26.658408995750918,23.021353170527306,-1.8493839793886622,-0.804653015399051,-5.58351012746814,-1.5980779017909175,-1.3894244857673002,1.0676537916373405,-4.116417131603194,0.2846583544463428,-0.004323695546357698,spinel
-63.01376807102143,-21.137704849207466,-33.54675002235606,16.574335275273256,-12.1180402741754,-15.911903473485811,17.074656009858096,-1.6885848694973475,-15.833165876219503,8.025903630347017,1.2754084195205964,-2.9984292205266208,-0.10692746816687548,multiphase
-42.88706834803554,-14.202682927222554,-45.22658641054905,14.504061926229,-5.717893145906757,-13.24055178579562,-7.015870768221509,1.4970814286983014,-1.0293771639072773,1.871275751496114,3.355490767680369,-0.653718597014624,-0.011974601218809333,spinel
4928.275010697081,-148.32564312789432,-13.174400844056244,9.726433559926178,-78.66423261989164,11.314769889363834,5.2730719856226855,3.5241969732134493,0.06614995553431413,2.973086438579486,3.3550257986987413,-3.3130001616877607,0.03900135359996337,pyrochlore
-42.7987407382503,48.3201223093305,-29.253911200503232,19.83070759625768,2.160515649181157,-1.8321868080425698,-5.816344775033569,2.2729141716506067,-0.6052458988840783,2.8145626084108244,2.3229968053771866,-0.4211306784905098,0.038443231037731396,spinel
-42.80134784845016,48.2930089518745,-28.664535298716004,20.852681748813495,2.454597133356529,-3.0765820020734864,-0.7038422366070769,-2.1093599680869204,4.055274512744369,1.5685223844984506,6.588887834440188,1.065401140694938,0.076925943111821,spinel
-42.79859800297058,48.35630812306208,-29.52390384609162,19.233070241691223,2.629475785255444,-1.8240652130933963,-6.39791282554701,2.2203739554337316,0.06324337138148906,2.6130397490926356,2.118684799665291,-0.41389357706338004,0.04406020831082058,spinel
-47.66499957301078,18.492975638980624,-9.1098157162778,22.577750913940747,17.611525901565813,9.179004009739128,-3.158596079202912,-0.8942274147635683,1.0625559820076589,3.6779265556346274,-5.3397669416705025,1.0343240425571878,0.06459686456708713,spinel
-51.181060272385764,-25.882437744426454,1.9876266981095227,23.798538831878773,26.83606708268968,14.841335085841777,-6.1594058079011145,2.3495811583618504,-1.5669312243085756,6.505613823861353,-9.220574337630877,0.43535059788737485,0.017756954440870443,spinel
-53.82519345325723,-59.128453217297846,10.296461726916647,24.6841173673716,33.76102301597609,19.089522130449282,-8.409982766444921,4.787394707222278,-3.531512204983038,8.60986153945339,-12.129489815020555,-0.007773729093393911,-0.017799772879283582,spinel
-47.56118921942233,68.85399596278485,-29.683946037479593,21.933763990046728,-2.2650233097385453,-4.740299880937961,0.7260802168451583,-5.169972333512694,3.9935900064112104,-8.804755838122745,3.6527451935810125,2.4426775259001623,0.009056853026228051,spinel
-45.24704280192226,40.771369791097726,-22.735849751856662,-59.03435247358959,16.17185646873748,-7.7675046713572975,12.187574152049017,0.505303936369927,6.312127562647504,4.5686232714733706,-3.31680939722931,1.0291495832632513,0.007251553245714026,fluorite
-42.80524411862464,47.95032237530515,-28.17355644167158,21.44713611471238,2.351521424817932,-2.127756698697519,-3.70554073634192,-3.9263553426867244,5.768940942790266,1.0386870008251492,6.284039977117521,1.6488495590296885,-0.03544809856248676,spinel
-70.10477633735296,79.64221034758333,-22.35820448666415,21.770752941076466,2.193540773742228,4.745954506032645,-5.386968252891975,-0.7357691700179831,-0.06356876863890193,1.0790248314443858,-4.666110685338191,0.4696087666573163,0.03585448283746251,rock salt
-45.235210585150185,43.78545177084666,-22.102721406276622,-59.68514952821935,5.277164759036502,-12.96946524945854,5.198957156907845,1.5459597243640415,11.170485402024532,3.654957396101608,0.38702808333889327,1.981473924939742,-0.056010037255961764,fluorite
-49.87144812055273,42.812034348735494,67.0641070108645,-28.728977947042893,-4.113954665974219,-9.326580575456212,-8.63037393547863,8.774659284904905,1.4035783378085753,-0.29038607112120474,3.7303378512861785,0.0439555884627687,-0.020938593082155288,pyrochlore
-70.10477633735296,79.64221034758333,-22.35820448666415,21.770752941076466,2.193540773742228,4.745954506032646,-5.386968252891974,-0.7357691700179814,-0.06356876863890193,1.0790248314443858,-4.6661106853381895,0.4696087666573163,0.03585448283746251,rock salt
-49.87144812055273,42.812034348735494,67.0641070108645,-28.728977947042893,-4.113954665974219,-9.326580575456212,-8.63037393547863,8.774659284904905,1.4035783378085753,-0.29038607112120474,3.7303378512861785,0.0439555884627687,-0.020938593082155288,pyrochlore
-51.67722277277604,39.57003532611793,55.13443815525052,38.48903592434078,12.951015088214877,8.615401166561188,5.283505740240582,-4.8010974147696786,1.8532044713035276,-4.846191146025774,-1.1157827995031786,-1.6719487631327503,-0.08876986415745391,perovskite
-51.68088119793187,39.62055339979145,54.91623399345562,39.619666688760475,13.17819603863001,7.623853045618532,4.321512631013924,-8.22936249551456,5.421975164647151,-1.9668266313061835,-0.48177152819951996,0.3124714230445491,-0.18296769897977483,perovskite
-42.788733870459254,48.962659415220784,-29.890623779253843,18.646556111905525,-0.2683915486712749,-2.531695559989407,-3.59011318100956,0.23252488424304119,-0.6901655438401733,1.3511408199323967,-2.6687801568434777,0.02797334143803809,0.09900494934872195,spinel
-42.80134784845016,48.2930089518745,-28.664535298716004,20.852681748813495,2.454597133356529,-3.0765820020734864,-0.7038422366070769,-2.1093599680869204,4.055274512744369,1.5685223844984506,6.588887834440188,1.065401140694938,0.076925943111821,spinel
-34.31150436948069,50.5186582333515,-14.418286280719869,-88.83212197016587,-3.7866444822062775,39.90857882646095,-10.389174366553291,-18.476740181612442,-3.938606651343399,5.544679049409751,0.10665214140011958,-1.2491734222490685,-0.04692831546307952,fluorite
-34.311708578335335,50.42039824832074,-13.83629204198067,-89.09389832790069,-3.512123373505503,39.56534717350145,-9.93964286702358,-18.273822808883594,-4.436204756728131,5.34598913508151,0.19863356436679136,-1.5629558574889053,-0.03316425241889931,fluorite
-42.79859800297058,48.35630812306208,-29.52390384609162,19.233070241691223,2.629475785255444,-1.8240652130933963,-6.39791282554701,2.2203739554337316,0.06324337138148906,2.6130397490926356,2.118684799665291,-0.41389357706338004,0.04406020831082058,spinel
-51.18251130891931,-25.945723925359687,2.5392665718848235,25.435873789723132,25.80649379485947,14.659603669585788,-4.972844539022679,2.4864224812128706,-2.7583726094218264,6.623586533098575,-8.8415345569064,-0.32970747793277866,0.06355011947334455,spinel
-42.79859800297058,48.35630812306208,-29.52390384609162,19.233070241691223,2.629475785255444,-1.8240652130933963,-6.39791282554701,2.2203739554337316,0.06324337138148906,2.6130397490926356,2.118684799665291,-0.41389357706338004,0.04406020831082058,spinel
-49.84713668845042,43.34955717494614,64.40466601448269,-42.85921870029808,2.0066055488604704,-7.681104316229547,-9.34122290686173,10.78386271541756,4.880168719441933,-0.7731789181953843,2.4144192599150536,0.6750204672101248,-0.001112643579047612,pyrochlore
-42.80088113584216,48.283765099355605,-29.102643270829176,21.0618138169403,1.5450175777147663,-1.8701844072725713,-6.499483116842473,2.663753750646623,-1.4597699994011464,2.976079722126741,1.8563920040285566,-0.8293369858179744,0.04967481032460941,spinel
-52.94387206871843,80.72126960486192,4.494309349791905,-23.116168813833205,9.674483942308317,5.154531955718748,11.90863801285196,-2.4708828175367206,-0.32348445141525417,6.292075289579628,-3.259141743793858,1.9917905152580921,-0.06732152748634612,fluorite
-52.93753025933198,80.84963813865829,3.6923738202506655,-27.11224581734426,11.552309537639179,5.715476049827444,11.556670321865248,-1.8237512962052378,0.7386281162938673,5.66071172920968,-3.6474700656046286,2.3006935372693995,-0.028545626685576142,fluorite
12428.487422356486,60.01473941363707,5.732535430394478,-1.4594277291110416,33.022733419573235,-4.595541300184227,-2.075987831993043,-1.0028093987952271,0.48792021563266985,-1.0399879114158637,-1.2401605514159373,1.1315405553922773,-0.018398359716848,fluorite
-52.47433967989957,42.60196862606816,25.56084599146878,29.054793311469567,41.6168156095352,35.4672954014487,-19.558613584116113,13.613377410410157,-13.354813900272461,11.231930139171226,-21.62823447188527,-2.6084137951885076,-0.09142784224043998,spinel
-47.57567838063381,56.805033959257315,-36.06900277370736,17.801969882337332,-1.0909281119060878,-4.366225271915383,-4.9711563011156485,1.8865357050744116,1.4232666766667634,-7.458218131609961,4.046095358398695,0.9583558782593755,0.03529178416443335,spinel
-42.788733870459254,48.962659415220784,-29.890623779253843,18.646556111905525,-0.2683915486712749,-2.531695559989407,-3.59011318100956,0.23252488424304119,-0.6901655438401733,1.3511408199323967,-2.6687801568434777,0.02797334143803809,0.09900494934872195,spinel
-70.10477633735296,79.64221034758333,-22.35820448666415,21.770752941076466,2.193540773742228,4.745954506032646,-5.386968252891974,-0.7357691700179814,-0.06356876863890193,1.0790248314443858,-4.6661106853381895,0.4696087666573163,0.03585448283746251,rock salt
-68.09679207150788,51.0106912927117,-18.05411162614336,20.17554110338523,11.011962895953364,7.805882505311734,-7.651417935894006,5.029994830784558,-4.139883488999629,-4.442436236559217,-7.0031430521284435,-0.10490325934926403,0.01874857888700987,spinel
-41.37630225774804,42.00200333359592,-26.942905217237374,22.39913588540651,0.6064984928561827,-2.191336887806399,-7.333701864965212,-1.0357792986894356,2.3510286235284923,2.173387974750554,4.715299189261758,0.20759038216769454,-0.0646581637425101,spinel
-65.45991819823654,-239.01057841483888,7.757737745422148,16.748900411032622,35.80436009265183,6.802527482755279,-0.7226266034212969,-2.252065949938263,5.196887630610021,1.0536667730607405,4.156711169788364,1.4064660516954888,0.03591298598352055,spinel
-65.45953861144491,-239.00424372240408,7.7375479972136105,16.578645234699593,35.863648089361796,6.820239435541331,-0.6736738884902955,-2.221124533335793,5.202656163073385,1.0927923846292344,4.146159067138363,1.377330770468138,0.040055300423745166,spinel
-65.45931863916358,-239.0004769698339,7.7280588746849475,16.486717385511298,35.89317920074894,6.82775839311147,-0.6394404681829577,-2.2054995910701205,5.2026810265335115,1.1273329728270767,4.140199479800952,1.3530090848892442,0.043164628592327725,spinel
-65.45975135239603,-238.93113407036137,7.693422388841498,16.27715257569659,35.961208475443556,6.849181848438848,-0.5856576934479136,-2.1673938402539257,5.213478082120524,1.1597161533761096,4.128212085494702,1.3259805012127721,0.04742955597290788,spinel
-26.7647704411783,-167.20521122828697,-8.02022014277248,-93.25663592990692,3.8069705163013268,-40.15810484801072,-15.885587036523594,-29.310596672237963,-35.13109378866449,-9.749061946517408,4.364623944530029,-2.063665212703352,-0.015474823507233726,fluorite
-42.7987407382503,48.3201223093305,-29.253911200503232,19.83070759625768,2.160515649181157,-1.8321868080425698,-5.816344775033569,2.2729141716506067,-0.6052458988840783,2.8145626084108244,2.3229968053771866,-0.4211306784905098,0.038443231037731396,spinel
-70.10477633735296,79.64221034758333,-22.35820448666415,21.770752941076466,2.193540773742228,4.745954506032645,-5.386968252891975,-0.7357691700179831,-0.06356876863890193,1.0790248314443858,-4.666110685338191,0.4696087666573163,0.03585448283746251,rock salt
-42.79859800297058,48.35630812306208,-29.52390384609162,19.233070241691223,2.629475785255444,-1.8240652130933963,-6.39791282554701,2.2203739554337316,0.06324337138148906,2.6130397490926356,2.118684799665291,-0.41389357706338004,0.04406020831082058,spinel
-42.80248411437162,47.970948634778836,-28.743477869009375,20.400159309135958,2.037586562155248,-0.8455614423064421,-8.790879132068433,0.4608950068202624,1.0252654554281122,2.306970239492969,2.0451869149319113,0.33031287301112755,-0.07631734339418617,spinel
-63.5992611097423,48.2242863028205,-27.195895424458627,20.47301335418237,0.03994888387125428,-3.184965122036454,-7.519123699946254,-1.5793277457182064,-0.8671114675730962,0.9257037451756958,-3.327702694002766,0.6848510968822126,-0.07110028928929002,spinel
-63.59818790899888,48.537542763698056,-26.663118793502832,21.265585710487372,-2.143879788615749,-4.189431973671757,-7.491080355366249,-1.4846602558408701,-1.5294667930427366,1.0438477398514578,-2.3797665353507793,0.4556504061440201,-0.08425976082492737,spinel
-42.79859800297058,48.35630812306208,-29.52390384609162,19.233070241691223,2.629475785255444,-1.8240652130933963,-6.39791282554701,2.2203739554337316,0.06324337138148906,2.6130397490926356,2.118684799665291,-0.41389357706338004,0.04406020831082058,spinel
-42.80524411862464,47.95032237530515,-28.17355644167158,21.44713611471238,2.351521424817932,-2.127756698697519,-3.70554073634192,-3.9263553426867244,5.768940942790266,1.0386870008251492,6.284039977117521,1.6488495590296885,-0.03544809856248676,spinel
-42.80248411437162,47.970948634778836,-28.743477869009375,20.400159309135958,2.037586562155248,-0.8455614423064421,-8.790879132068433,0.4608950068202624,1.0252654554281122,2.306970239492969,2.0451869149319113,0.33031287301112755,-0.07631734339418617,spinel
-40.954822059433795,-140.49893278093552,-18.983139644223883,-0.3958494150963219,-82.115599460748,20.873307754320603,3.545378556394617,4.291655477109408,4.911992185302751,4.541714861462225,2.5392805629640343,0.6975925698829464,-0.002649291660837827,perovskite
-40.95614149431779,-140.48847472803092,-19.283065132377395,-0.55003230092899,-81.70817062357452,20.881199326880633,2.2813723539398545,3.936783921055853,5.8269793719098715,4.326937960331108,2.29654193754215,1.490432929341008,-0.0751413032740722,perovskite
-40.9537613741598,-140.4777917154781,-19.097391589910345,-1.0075888805761792,-81.84349624594563,20.949640295902576,3.529488422741288,4.379018815608373,5.055651857765348,4.531939758129624,2.4785814804557407,0.7176183558171694,-0.010478520801048719,perovskite
-54.53749771992791,35.281625594966556,66.74030419835988,-30.23820551044289,34.826673106515244,15.180549722828635,25.36502659537318,2.6370747315141383,-2.582551946978107,4.419893702711093,-6.34249613009359,11.416103522887662,0.024627870071074476,pyrochlore
0.1704290996085831,-112.32174681197247,8.087343450093826,10.13105706172314,-8.889160219888758,-13.60298395516704,15.205290457118565,-9.394846792023126,2.1414264253038624,-8.933339745931292,-16.515081512086123,-0.4550535844698267,0.16416107063028984,perovskite
-54.604770799776176,31.06839547902706,121.04983263518325,19.49823692894276,-25.481925015908992,-2.803149791476544,7.699555796370866,-8.27162822405917,-7.338450494738495,2.5959290545031735,-2.062525945277762,0.1414415609137336,0.13975504798346083,perovskite
-64.86648947579395,26.084623510255255,99.71395570675234,22.1630253951693,-28.011395346079063,-1.796801637972699,2.371070694720551,-7.983237349362758,4.91155768295463,-1.9927677014731628,-2.8359546707003895,-0.7667733396010483,0.05666176282610924,perovskite
-64.86648947579395,26.084623510255255,99.71395570675234,22.1630253951693,-28.011395346079063,-1.796801637972699,2.371070694720551,-7.983237349362758,4.91155768295463,-1.9927677014731628,-2.8359546707003895,-0.7667733396010483,0.05666176282610924,multiphase
-60.127328473783294,-238.8485860460893,7.726765796847914,16.54412635600525,35.428228458388794,5.844640233068249,-0.8395597890657527,-4.5353771078038125,6.062092676350105,9.034154813383779,3.3142495492544968,1.1479335169391547,0.03969248959080662,spinel
-54.042361557718436,-15.316917508194962,2.8928346434523746,-1.9773635198547055,-28.278108406918115,-18.24920257183148,10.443196374308219,-5.806594453397734,-7.382340685804735,9.475884231100807,3.16003956732481,-4.259822486181374,-0.05016012136417136,fluorite
-70.10477633735296,79.64221034758333,-22.35820448666415,21.770752941076466,2.193540773742228,4.745954506032645,-5.386968252891975,-0.7357691700179831,-0.06356876863890193,1.0790248314443858,-4.666110685338191,0.4696087666573163,0.03585448283746251,rock salt
-42.80227848401449,48.28085919854374,-27.759383771554198,21.299524990645907,0.5139692916392988,-2.943119748069172,-3.60521639068833,-3.677463963073075,5.11899100924704,1.1775716629879156,7.206828374329325,1.7599931442017294,-0.040992755180871754,spinel
-65.46032120821923,-239.01766837971266,7.855588855627843,17.157301752193632,35.574741984468695,6.708055773593331,-0.6168977976014816,-2.3838446765376666,5.069044490287659,1.4332441131271452,4.178058290690197,1.315328836770579,0.02583267416520174,spinel
-42.8204701200967,45.320051497153486,-24.164342061944012,25.282377826299196,9.147322569694257,-0.27330820763135577,2.674495106569406,-2.323618204898409,-0.1920891986841866,3.218500361875215,2.977395822499098,1.8254250896671458,-0.008931476490896317,spinel
-52.62780917651344,43.06962174208505,-19.16257833465737,-58.67000142868642,2.480429008211864,-11.6497212840844,10.41722725062694,1.7178152063536665,7.784148972951755,6.483698418385444,0.22489587635712216,-0.30058751011613793,-0.014590819266360189,others
-34.29837258117901,51.70334981889468,-20.141391692696466,-95.68105493728865,-1.2604091204810004,43.39690307203759,-9.713622707143257,-16.58596197704607,-5.382149312631292,-4.028916174206842,1.5208847077312884,-1.8856400892349932,-0.009429521221868686,fluorite
-69.26762704579194,116.4652015496068,-2.163021898576787,32.85359743025792,3.1539326258147327,8.752095728423031,-6.89442577967578,1.2132000513417776,1.7799190281212205,-4.84373224312511,4.867739665420018,1.155080135274055,-0.2219999851728054,spinel
-69.47659263184026,63.13837287664403,-31.009512830206937,24.58457171704636,19.901470391159066,12.097340849480691,3.6583549248443816,10.962915956930892,-12.434980902067387,1.8549302064814839,7.373048209208251,-0.145018152651204,-0.03667977841979653,others
-70.10477633735296,79.64221034758333,-22.35820448666415,21.770752941076466,2.193540773742228,4.745954506032646,-5.386968252891974,-0.7357691700179814,-0.06356876863890193,1.0790248314443858,-4.6661106853381895,0.4696087666573163,0.03585448283746251,rock salt
-44.32963554417854,47.41478985128413,-28.573453249484338,20.071163114200388,5.483910679141388,1.9740543899110001,-7.398595450874989,1.8146268132805643,-2.336925432948462,3.1021925373351564,-0.178053144417051,-0.7976566069463864,0.028902203014324224,spinel
-54.59929259647707,32.12202582225089,121.83726843900017,19.45672265507855,-30.514307615288295,-5.647352602653569,6.30351577646627,-8.083664180699197,-7.548230805450757,2.7571056444400455,0.19826456231754142,-0.13898037456614176,0.1321420731813039,perovskite
-54.604770799776176,31.06839547902706,121.04983263518325,19.49823692894276,-25.481925015908992,-2.803149791476544,7.699555796370866,-8.271628224059173,-7.338450494738495,2.5959290545031735,-2.0625259452777636,0.1414415609137336,0.13975504798346083,perovskite
-54.60752914560568,30.346677458389877,121.16533793855696,20.02773362890865,-22.892197327926652,-0.9531531804279805,9.992543960860054,-6.988559750680942,-8.76000933361351,3.9716198596586167,-0.9098938448633798,-1.410798573617278,0.17416044037778033,perovskite
-54.604784403336616,31.243346139922522,120.74310878716078,18.74525796183059,-25.48384445544209,-3.0692749269133284,6.029609573432122,-8.276560217699844,-6.2995052823102,1.9407493638381794,-1.7243356443195479,0.9480710996742445,0.14094192361971936,perovskite
-54.61461480397283,29.92325137083523,120.82968727640652,22.300218919962134,-21.75596436521782,-0.3303884655185785,9.403024445190486,-8.851294274763676,-7.919006192541644,2.7555461635460716,-4.030755395961217,0.17370060184659408,0.14087382619282973,perovskite
-54.63514845636844,27.566776852941473,120.61396567464114,25.895819891563193,-12.917181061565849,5.4426481079570515,10.585242706605541,-4.809247692231482,-9.504793738763766,6.396468815514353,2.440288217193342,-2.231073993397029,0.1331184151458491,perovskite
-52.636726404594214,42.466657867681846,-18.61645346988086,-57.66743860916867,2.9919469044070865,-13.604496486473124,6.991933727661834,0.20803499125301528,9.958368063909319,6.20899788798468,-0.5778809664512876,0.19746248280388912,-0.04776183281376012,fluorite
-53.64948575817451,52.79061613404376,45.558318434514504,38.50656220094308,9.063100563620036,7.274429698708634,6.960086773439151,-3.206906796871106,-0.11716334065498302,-10.319694595049164,0.5490601760161986,-2.352084867405715,-0.07733189385852923,perovskite
-42.79636132546869,50.070593031504345,-28.73713749408453,20.079452288032485,2.3202366217557397,-1.523717389662325,-5.640191850321385,2.3577917771728654,-0.7301279438027706,2.736484350981243,2.3408348320862657,-0.5120272368408472,0.053423650662214106,spinel
-42.7908742680511,48.926302205245904,-29.739355849579802,19.87766233258813,-0.8838896201376656,-2.569693159219412,-4.273251522818459,0.6233644632390565,-1.5446896443572413,1.5126579336483132,-3.1353849581921067,-0.38023296588942657,0.11023652863560018,rock salt
-32.50899723112218,4.024589157346782,-22.764359684218284,20.57529076090499,5.476002665224264,-1.555431540790881,-1.2994952833554656,-1.6244010267780897,2.565589003359129,2.294217146027435,-0.9389813089354364,0.697314774917956,0.10056949506250512,spinel
-42.821189270306505,33.62923648134864,-33.838027559188774,17.757254822301135,1.2643880651091948,-4.236108075854736,-8.276022240835896,1.8846751864456053,1.0673780915218032,1.148179771159306,2.160954666993613,0.6756602635720554,-0.02209439246666367,spinel
-58.88859230819444,-135.2420792992667,-7.329394353398186,-1.778429464180789,28.564644049700888,5.2403301579275725,11.39977196240961,2.3162462990401043,2.2521131334439417,-0.5073359249492313,4.930435659917563,-4.737009622614835,0.08411854593708035,perovskite
-58.87701726884401,-127.62869579497905,-8.229108189611892,-1.388831389317275,27.654800333449696,5.560920145372304,11.949216019306768,3.8600468189386588,1.3153770697323992,-5.959517258911717,5.5912399758805424,-4.830023196418214,0.09257884888704204,perovskite
-58.862869876704366,-119.89665844041278,-9.265755205563678,-1.2589049781528985,26.66015570039623,5.26286568355593,11.985561916785137,3.783558377193626,1.2811426619658661,-6.217808304654689,5.604334432150589,-4.817966874024517,0.09092674078620377,perovskite
-58.84872248456472,-112.16462108584668,-10.302402221515528,-1.1289785669885504,25.665511067342717,4.964811221739514,12.021907814263521,3.7070699354485894,1.2469082541993188,-6.476099350397682,5.617428888420635,-4.80591055163082,0.08927463268536595,perovskite
-34.29940695273771,51.701091911778136,-20.220478489324243,-95.44899793049777,-1.2205618112529706,43.3421740763589,-10.279486506325158,-16.83816144982878,-5.022291267549342,-3.9527851576372086,1.4237551937817405,-1.5425602798502318,-0.023380884653320333,fluorite
-34.31664511847714,51.45857861060736,-18.39711202514097,-82.33530608523688,-8.276963959626336,42.565536957680806,-7.564013596054384,-17.999092043793688,-9.263525720422898,-2.995014282932516,3.100372878674878,-3.370975335606701,-0.006428154957837329,fluorite
-56.73749134496119,34.39759090855213,-19.073273884919125,-7.943418775507979,-9.334484380180093,-10.637925653212882,10.608459761139251,-5.514396524352291,-0.4461195456637057,3.178956890828971,0.8827540985379763,2.199966347761155,-0.08458430688934038,fluorite
-42.799278615627756,48.55420891993454,-29.01755079588132,20.61887479560518,0.12592905446955882,-2.7690925917029414,-7.482238925996276,-1.2573131725006785,1.0119000279880197,-0.9202875859431288,-2.9313384295249194,1.6847353682594957,-0.09043043318014488,spinel
-42.81319993917518,37.00915954568612,-32.05177304132812,18.81034241495314,0.42172988076963946,-3.6979628923278476,-5.0632443507216,2.519219274764744,-1.4171338729796688,2.530146014023515,2.7412906426548953,-0.7932964263780597,0.08262229289647327,spinel
-42.79859800297058,48.35630812306208,-29.52390384609162,19.233070241691223,2.629475785255444,-1.8240652130933963,-6.39791282554701,2.2203739554337316,0.06324337138148906,2.6130397490926356,2.118684799665291,-0.41389357706338004,0.04406020831082058,spinel
-65.09369694608341,59.665446738743995,-34.52486822586895,19.50825974450234,-1.0695510101305459,-5.8746631611859055,0.671644527550523,-0.6730903864377638,2.98464215750154,-13.62562751242531,8.66246699222165,1.9422278946131541,0.04526581482612424,others
-65.42070497711983,65.4758578740362,-34.448803267051225,21.939858951676825,-3.2443793374235455,-6.403485898919422,2.5221418560665327,-1.2070072617778482,1.7798226090966267,-12.945269520272895,9.131204048486552,1.0282604333235845,0.038833314332054725,others
-67.27980950397526,-112.2437891196333,-8.019430218724132,20.675621137492115,17.867250072710043,2.1819639402091973,4.3948468998259465,-1.548685238920724,1.197460341253823,-6.80537352316864,5.977785748045811,-0.7952901391818976,0.09565221472132235,others
-47.55071265816913,69.5236683417944,-32.39543334619611,20.183819073621535,-3.328497437727009,-3.0091859441770197,-1.0252134646763267,0.9441964642425091,-1.3781946168470114,-7.117757717809106,-0.17105583972178018,-0.15585854759725137,0.1551694414102902,spinel
-42.764472118572726,33.387534098695056,-33.19367743584734,-6.428142942593965,5.633941254040465,2.555014213644048,-2.4816341380144316,-6.4920981057941525,8.192110756701794,-0.5444849722646694,-0.44582924400333634,6.603553856664217,-0.1276188170314867,multiphase
-70.10477633735296,79.64221034758333,-22.35820448666415,21.770752941076466,2.193540773742228,4.745954506032645,-5.386968252891975,-0.7357691700179831,-0.06356876863890193,1.0790248314443858,-4.666110685338191,0.4696087666573163,0.03585448283746251,rock salt
-42.79523992809084,48.55022608144213,-28.51538966149068,20.837277142952914,-0.5576450136280613,-2.811812033755226,-0.8060429207510325,-5.962536413787706,4.993247844350904,-0.21694105931466368,1.5762754696731611,2.277464891562925,0.017749991384553798,spinel
-51.67286253656785,39.72654793695645,54.8677503936229,36.459274047880456,14.179110517890965,7.763492494898538,7.486604075855119,-8.15845640392129,5.827505183612601,-1.780061207341177,0.5088308986836441,-0.5568589566625306,-0.05799928735832838,perovskite
-42.79859800297058,48.35630812306208,-29.52390384609162,19.233070241691223,2.629475785255444,-1.8240652130933963,-6.39791282554701,2.2203739554337316,0.06324337138148906,2.6130397490926356,2.118684799665291,-0.41389357706338004,0.04406020831082058,spinel
-49.86074712164897,43.05228884968824,65.32546047508306,-37.58921630860568,0.259716053811907,-7.973856162884466,-8.680358653525742,10.020049378884808,3.4755179110557037,-0.3764451217266753,2.653512340349199,0.32514044735566827,-0.01902777741099615,pyrochlore
-49.85920557418034,42.99503494172717,65.60368097017853,-36.09785495827493,-0.4519160123071231,-8.214106846952737,-8.859311433738723,9.770370522405301,3.244853917354888,-0.42489242615948797,2.816514188326117,0.3848826766703617,-0.024769428340422728,pyrochlore
-49.85764574074439,42.938255336442694,65.88001275769234,-34.6206044915955,-1.1596577426349697,-8.450650769010391,-9.041403090583337,9.527549493917345,3.0140915666803636,-0.4926011571006228,2.9821510840639918,0.4542840287573888,-0.03104287148081042,pyrochlore
-49.86463813511945,42.93391223186549,66.1070826437501,-33.14468404019969,-1.860201217425896,-8.684458975728738,-9.209211565133582,9.2784486356505,2.7891314167082513,-0.5522705740329457,3.1453269686224274,0.5172589919083954,-0.037024785109906144,pyrochlore
-49.875521542964975,42.81119250946557,67.11577469847471,-27.224231320397934,-4.680661963454604,-9.628869995291364,-9.90587295129168,8.287747034149357,1.8777847723886936,-0.7877654432715957,3.8003174814541016,0.7723524996121292,-0.061003706437912086,pyrochlore
-69.60823376216378,34.45541335031018,-35.048844619128175,16.635294196612435,-2.0167997306257064,-4.183171585661697,-5.674243301364653,0.6446541235832068,-0.4041875389090137,0.08599521187170467,-3.1155068942674324,0.660229228545596,0.050856948588752005,spinel
-69.58957241521821,48.79005898632033,-29.897152110770563,19.390364208136546,-1.3315232477185717,-0.7900893339011947,-6.015743310903687,-0.7092164430609351,-0.6028693297017682,1.1528120311017886,-3.1770717486882316,0.20978488132069018,0.01128345912606843,multiphase
-54.28632547488416,40.56132376812377,-18.890950516015266,-30.704120631320627,1.364800191100926,-8.519789253754425,14.759708120074727,-1.541332011867265,1.195093364627681,5.863525262989995,-0.8714785042147648,-0.2338446545241908,-0.026744440462938,fluorite
-54.717627745314445,43.69559899320669,-19.372197336100953,-28.87239766338277,1.0233635614176393,-7.611408752744987,15.351731217324769,0.7296162734610814,-0.02948471326717339,-2.7117452123468766,0.3982147271425016,-0.29531825156546887,-0.013307849000280036,fluorite
-55.14482078839202,47.019418844173,-20.072189256017346,-27.45548945478749,0.5464609690864961,-7.691287211851302,15.124101193836196,0.4122198541155946,0.18764633444668988,-2.989990439463149,0.6332182055061704,-0.18894702840475475,-0.01602541658853185,fluorite
-55.57201383146958,50.34323869513928,-20.772181175933753,-26.038581246192265,0.06955837675538135,-7.771165670957611,14.896471170347638,0.09482343477012023,0.40477738216053183,-3.268235666579457,0.868221683869844,-0.08257580524404418,-0.01874298417678455,fluorite
-42.79859800297058,48.35630812306208,-29.52390384609162,19.233070241691223,2.629475785255444,-1.8240652130933963,-6.39791282554701,2.2203739554337316,0.06324337138148906,2.6130397490926356,2.118684799665291,-0.41389357706338004,0.04406020831082058,multiphase
-51.670952777933856,39.67681210542821,55.896807997906095,38.268083272322485,12.301126739972261,7.520682413705523,10.381383541840375,-7.345448131843261,2.656522403279567,0.29307605209888266,0.7269569127431044,-2.9469425347220657,-0.02654015423322975,perovskite
-47.06530208276193,-79.92283629149429,-17.965396280682626,8.869131951323865,-64.01505949901826,12.156592451436968,5.63725820387663,2.5484060457812756,1.1572722083487008,-3.539681827866211,5.525802693474949,0.06198563213848374,-0.0054480086568973185,perovskite
-57.53808087879689,37.966987482324015,-8.895612659114818,-2.7316437139828764,-10.997459257390588,-13.2436762336037,16.57970768640272,-6.0948704333249335,-6.754742064556673,8.350863838882901,1.894104878147104,-2.592685441172179,-0.049260514799659205,fluorite
-56.20216169186351,7.608009279439216,-4.021927478556037,-2.0296908314717825,-22.303698433941584,-14.91760541005548,13.47239020003758,-5.995406972663469,-5.9797907669099075,8.938754642576384,2.124191634594395,-4.59746868473928,-0.03353677283186318,fluorite
-65.46015717499193,-238.90421899305883,8.264255618338026,17.399573804313036,34.961687549620706,6.657402659416874,1.1521796884370232,-1.9689749766462743,3.8091189003183814,1.9899883961611096,4.495434310399212,0.19916234363632768,0.06932550893386025,spinel
-62.52192998103598,-239.0580173294895,8.42435494343438,18.184101306097546,34.633972075495954,6.552135894037597,1.1550542589565467,-2.104451843245828,3.642568420128221,2.082273486091921,4.561626797198462,0.1739124286262559,0.061241748424035736,spinel
-62.52245910811704,-239.06810709318634,8.476886709224985,18.48097165282674,34.50524591468401,6.51428284066699,1.14907605697395,-2.152563455633361,3.58296150085787,2.090195402581898,4.588049006599052,0.17245472881062796,0.05711054821998185,spinel
-62.5209267439665,-238.97388893781513,8.258796108701603,17.538924967150734,34.96116273250286,6.633062430171509,0.9683075618722334,-2.0558698228489085,3.910024066701766,2.0102868534483207,4.470960752591278,0.30699247938476404,0.05598079061009975,spinel
-62.52178135803886,-239.0503227892789,8.347346320261636,17.968202958392638,34.77715942256354,6.580303037116982,0.9794498190213048,-2.118005263570039,3.8096723508317325,2.0278559806104113,4.511782564330739,0.28832028667462595,0.06152766631931761,spinel
-51.68405921655822,39.380012475749396,55.40981638795094,39.56880790765513,13.431598134106924,8.893937007237978,7.340296791694502,-4.885849108740413,3.504282525983271,-13.269736015072198,1.6895488751456247,-0.40553665554937623,-0.1015471149873517,perovskite
-51.683666028760754,39.39394795931912,55.305992690934346,39.18552500022621,13.673004031890578,8.91510137080104,7.258155343345692,-4.986133267056285,3.845113216728727,-13.352966819658008,1.717533083501361,-0.2348129502411247,-0.10399848980200632,perovskite
-49.88814536878296,55.08532250969614,-20.533794081132598,13.25652605808287,14.19088912984185,12.874000200123302,23.760786171934562,8.031975905798916,-14.941565433427094,0.08504355226844496,7.810073110453061,-7.274516192708152,0.028418949028431673,fluorite
-42.80088113584216,48.283765099355605,-29.102643270829176,21.0618138169403,1.5450175777147663,-1.8701844072725713,-6.499483116842473,2.663753750646623,-1.4597699994011464,2.976079722126741,1.8563920040285566,-0.8293369858179744,0.04967481032460941,spinel
-40.95198301618423,-140.12431470447396,-19.902805056306818,-1.6940623112010655,-83.0357336778354,21.66699246622057,3.524019497875006,6.100483711964827,4.8360451596939384,-1.8959350938654893,2.908010320906022,1.0432634045242573,-0.006512416692020073,perovskite
-40.95094884664141,-140.01454222722109,-20.09733543480894,-1.8457303777160945,-83.38125522761166,21.659320630805777,3.4482562336859104,6.074321549096204,4.965487219138502,-1.9873287770151364,2.8534162738016065,1.1063076399144514,-0.00836021657671715,perovskite
-40.94997551060112,-139.9112269545125,-20.28042284986978,-1.9884767932596503,-83.70645198034228,21.652100079827147,3.37694963209616,6.049698336984557,5.087315039792216,-2.07334636115597,2.802033641232736,1.165643390869942,-0.010099322350549889,perovskite
-40.942906932090324,-139.86945226632324,-20.459523110798287,-2.136138710428426,-84.05005932912945,21.650751068687114,3.3057071690784454,6.027862300945166,5.208474841482072,-2.155767653903901,2.749015456221461,1.2240563086569836,-0.011847948266855424,perovskite
-69.60613413312134,34.72911109583853,-36.1031308931095,14.68694754120186,-0.6863078640075386,-4.316469741692691,-5.756332932116443,-0.5853645080969265,0.2969307316134291,-0.401018696612482,-2.5245917986534274,1.0561735528891845,0.04397097167281716,spinel
-70.10477633735296,79.64221034758333,-22.35820448666415,21.770752941076466,2.193540773742228,4.745954506032645,-5.386968252891975,-0.7357691700179831,-0.06356876863890193,1.0790248314443858,-4.666110685338191,0.4696087666573163,0.03585448283746251,rock salt
-42.79859800297058,48.35630812306208,-29.52390384609162,19.233070241691223,2.629475785255444,-1.8240652130933963,-6.39791282554701,2.2203739554337316,0.06324337138148906,2.6130397490926356,2.118684799665291,-0.41389357706338004,0.04406020831082058,spinel
-51.674300258546765,39.599407879961916,55.270089754766815,37.83698018823458,12.885693099329295,8.637357197326477,6.452283330086232,-4.516692370783467,1.2325710536621841,-4.084807780885555,-1.02396750627311,-2.4161977248963886,-0.07220370557348121,perovskite
-42.785440972740304,55.588207343074004,-26.658408995750918,23.021353170527306,-1.8493839793886622,-0.804653015399051,-5.58351012746814,-1.5980779017909175,-1.3894244857673002,1.0676537916373405,-4.116417131603194,0.2846583544463428,-0.004323695546357698,rock salt
-63.615735437496944,34.021509924746596,-32.95527141469818,15.862171073940374,0.515098333523305,-6.593990297495019,-7.136288846182399,-0.895012701783152,0.6435151155661458,-0.5459293185758156,-2.9176780916309832,1.4971690764108772,-0.03682278531026273,spinel
-34.27526508187491,52.18389928001075,-22.879684778365572,-109.5307316761141,5.091854844990337,45.124426800914264,-10.775704183210554,-14.804200965306629,-1.6455796745167675,-4.411065331121186,0.02456323784606107,-0.989109655312344,0.005503043689855547,fluorite
-34.27474018345684,52.18538207905149,-22.840531177873217,-109.64755422402064,5.071669449627805,45.14995075440477,-10.494240221347871,-14.682926376618804,-1.8228212479343355,-4.433746840094621,0.07120689537653713,-1.1604285431596182,0.006449814205231608,fluorite
-34.274435802126966,52.18805798282021,-22.823189997005898,-109.71019584647524,5.060195652956594,45.152625772677865,-10.361884038875177,-14.648707026588246,-1.8967272014697159,-4.360390131202692,0.08396686964375644,-1.2443595658970672,0.007758121495528902,fluorite
-34.273455643808624,52.25272495807272,-23.13874541739026,-109.73255698579753,4.844331717352709,45.44401140668718,-10.154297486679972,-14.524868865423448,-1.9012829793754307,-4.417729940614699,0.12299749243446156,-1.337812987363062,0.014028841084511967,fluorite
-34.27397965804451,52.186371928743455,-22.78040410898504,-109.82005720643622,5.042286810923734,45.1946658714686,-10.06679985852143,-14.48416895946801,-2.0980663375201445,-4.521643266026757,0.14789475004060504,-1.4183614321959688,0.016973300249684797,fluorite
-54.09714418415812,4.34854621575991,0.38043155451872224,-13.656110023230113,-9.613765187513835,-13.508795674297136,0.27900491064670163,1.7149911453058015,3.4871124905539688,-10.36043863718578,3.421893247623692,3.7520462443204963,0.002762308525772861,perovskite
-70.10477633735296,79.64221034758333,-22.35820448666415,21.770752941076466,2.193540773742228,4.745954506032645,-5.386968252891975,-0.7357691700179831,-0.06356876863890193,1.0790248314443858,-4.666110685338191,0.4696087666573163,0.03585448283746251,rock salt
-69.58568630381717,49.1754184746036,-30.6775780878528,18.223275140691797,-0.7396340246183684,-1.7685931046881507,-3.6227770043822645,1.0502625055525296,-1.5648914137483843,1.458881540701455,-3.103573863954851,-0.5344215687538139,0.13166101083107518,rock salt
-69.58927678588532,48.819757702069595,-30.147690281909526,18.767724200549466,-0.8824164901315967,-0.7441676765918679,-6.570147218717139,-0.7567804495083497,-0.017535135169914895,0.9735321865390745,-3.3543457875227336,0.3850171159147102,0.014513903641549142,rock salt
-69.58747278617578,49.06375673184867,-30.951438384751896,17.442017552725957,-0.0010313811003896944,-0.9233874899321854,-6.097832941655479,-1.9392350747410703,0.0982489408206817,0.6657981226176162,-2.5861566530742226,0.6057292056642787,0.004397482210133585,rock salt
-69.59115906097861,48.759804427994595,-29.73963920103329,20.28054238246682,-1.7175065440015658,-0.9035930114445261,-6.033696026577301,-0.8534879132583288,-0.7815848730955892,1.1765573931257194,-3.0978480534932555,0.20543087174424102,-0.0011044213064028696,rock salt
-69.58957241521821,48.79005898632033,-29.897152110770563,19.390364208136546,-1.3315232477185717,-0.7900893339011947,-6.015743310903687,-0.7092164430609351,-0.6028693297017682,1.1528120311017886,-3.1770717486882316,0.20978488132069018,0.01128345912606843,rock salt
-42.80246778160256,48.25351054102988,-28.945130361091906,21.95199199127059,1.1590342814317793,-1.9836880848159026,-6.517435832516087,2.5194822804492256,-1.6384855427949674,2.9998250841506717,1.9356156992235292,-0.8336909953944271,0.03728692989213789,spinel
-70.37059904681662,57.3259343361256,-36.780758917386116,17.929538268545173,-5.055796510548063,-3.3424194910444367,-4.172153587500837,-0.8046435334186377,0.862129360074853,-8.908049207416354,-1.0840841986650682,1.4887758096739283,0.02358219970230735,multiphase
-51.676888729876566,39.73413568716575,55.89352291084393,42.02052805228756,10.849694561634127,6.112721456284136,6.64460588705284,-10.753309661179822,4.181305882966399,8.56603612661361,-0.8640605022019684,-1.6217254294978076,-0.14943619769663585,perovskite
-51.649382299232336,40.32755081688944,52.18932094921708,24.47526345265102,19.214047584668126,8.437349853784173,4.138616143900357,-8.42173477196018,9.414950451793437,6.993671691465437,-2.958911966304063,0.1563735399431465,-0.1483837855211494,perovskite
-52.628667806258164,44.3716285864667,-19.812979162091132,-59.85588438310496,3.607120636604151,-11.92945316409542,6.7114550933914785,1.5229840744785301,10.81156898854993,5.745661287068941,0.5522455540739233,0.08817923277213069,-0.025169601551240595,fluorite
-70.1744951955881,84.11293238147093,-23.0661009043153,23.954637662121087,0.5697564696771664,4.592844758796765,-3.9523730532861308,0.6725958655822204,-1.2958743758592348,-6.493979457922968,-2.914711856597599,0.3717283623763059,0.026397535737699096,rock salt
-70.24052886700652,88.75363949929843,-23.970169616395182,25.7665133042601,-1.1755147556043752,3.553456745918842,-3.25284910078663,-0.24028661421919573,-1.2352441079976728,-6.626147444506017,-2.091230787037598,0.4243724887589835,0.0024534140770604562,rock salt
-58.66494377376071,-58.188942545076515,6.36809519856638,-5.42385544497175,45.24443037948913,23.380385959787766,-1.2491022931122089,12.530642169905494,-2.346946110311613,5.711652381626081,-13.307553891788588,-3.8302874111406524,-0.10237028199527343,perovskite
-51.599327584589815,41.18760794410963,46.99869233266536,-5.6264401090301845,32.72809275020074,13.10663883348072,5.941602719986264,-1.67497302283933,14.998145769488367,-1.840082598423507,-4.198400629422302,0.4999547496979666,-0.03688961825875259,perovskite
-52.63633372710147,43.81643935820139,-22.23149227793177,-59.43692857072091,5.338947290559247,-13.134252221094172,4.550885323818548,1.1769771891221215,11.756132971633171,4.035217146498809,0.19010542683162857,1.9961931262004917,-0.06985364599560517,fluorite
-42.811138593526124,34.27884010465897,-34.53188295611761,16.46093781325966,-1.0765971186043188,-4.9381524460137864,-6.22314752850539,-0.22562371394316116,1.1390276012647718,-0.2232683682155283,-2.885025192867959,1.2298612401645777,0.023817864379487963,spinel
-51.68052312158267,34.655347920745385,53.74895777677203,37.38767660357313,12.338506276503097,7.106313814015042,5.849409939486378,-6.614494813224892,2.951524378961871,-0.22549372030682946,-1.0783890172401789,-1.7086033602125035,-0.08437096215711803,perovskite
-42.79859800297058,48.35630812306208,-29.52390384609162,19.233070241691223,2.629475785255444,-1.8240652130933963,-6.39791282554701,2.2203739554337316,0.06324337138148906,2.6130397490926356,2.118684799665291,-0.41389357706338004,0.04406020831082058,spinel
-52.59698051953457,35.24002418271212,-28.991924925623948,-87.46125864935226,15.222696087606568,-10.974074794363833,7.509082616901615,5.570814279795319,15.116759122940024,3.849653632846298,-2.5001090434592426,2.3770102331576375,-0.02314980463752181,others
-49.86459925325424,42.83416577103338,66.47037456847987,-32.46807043161022,-2.1887145220228277,-8.547771980825594,-7.768206494624902,9.642191917313246,1.6888830803271162,-0.5805588061750768,3.337544469886933,-0.3126342538392741,-0.002934489248875627,pyrochlore
-49.877296236728654,42.596580552209446,67.7901403435305,-25.185905928263246,-5.4218134869185235,-9.515982723187374,-7.804641057937957,8.445522720059273,0.15927511266600902,-0.17627606205081747,4.002467593993803,-0.43160044826334953,-0.017308449671068038,pyrochlore
-49.884429776735,42.378654106950705,68.41689300681598,-21.35350837916149,-6.680104273796225,-9.775623941472873,-7.687812505086411,7.796354149375026,-0.6325414494731731,0.04841188192513357,4.1512658245068845,-0.47790470810583585,-0.02514856281981026,pyrochlore
-49.880336183970385,42.56747756267245,68.19898017768803,-21.766744871509538,-6.815054822146706,-10.760122822026183,-8.50434704954901,5.21785745257904,0.8036823314668311,8.313869012553184,3.1205128086952403,-0.3106984957015726,-0.041241259313083756,pyrochlore
-45.22681572982939,42.92247310705244,-20.612271078950748,-60.3815943444549,3.0833378562093756,-11.14660831845783,8.351999999379576,2.204589226769021,9.700005281398788,5.549104080032151,0.8378085742819124,0.1369990578929574,-0.0017983963988839058,fluorite
-51.68088119793187,39.62055339979145,54.91623399345562,39.619666688760475,13.17819603863001,7.623853045618532,4.321512631013924,-8.22936249551456,5.421975164647151,-1.9668266313061835,-0.48177152819951996,0.3124714230445491,-0.18296769897977483,perovskite
-45.40210104078311,59.56836839419577,-30.813890783114154,20.191528245370407,0.8091162212199237,-1.802749432860228,-4.08745822801577,3.2335519424921912,-0.6751861505671073,-5.620027907371373,3.7217566184480506,-0.4495453726117127,0.08927951989455551,spinel
-47.55879667725348,69.01293771303119,-32.07682038561403,20.631879149634273,-0.9159143938721357,-2.3840943855092256,-3.3304619253660412,2.609178016631355,-0.8049165432297798,-6.091140835133459,3.8536613424370016,-0.38266254200739525,0.10728872394515299,spinel
-52.585523961891134,40.52843111358857,-25.53222400703803,-86.84613693178042,14.681111992039575,-8.878640299251547,8.758254697926311,5.364788302759573,15.071870639147885,5.983583713280979,-2.703184136946873,0.7931948224555612,0.028531789921299566,others
-45.184706608046184,40.51041772219847,-25.44236208428176,-87.04435258323765,14.659036217491447,-8.789453452336229,9.351998245615636,5.723818418462573,14.652533221006674,5.558837933372857,-2.5603374141943913,0.442485354861045,0.047148464176161475,others
-52.63400622531472,39.55366434830654,-20.20329896822905,-58.66258797394628,2.062843159080124,-12.395439976542587,9.790100542439273,1.4218255408350746,8.248846104719618,6.499808154528083,0.1451310974648543,-0.32156451151459464,-0.012459396404033374,others
-49.867466156417834,42.713930389753784,67.16059594060671,-30.090258849443785,-3.433086393587054,-8.721818161979229,-6.429917001907599,9.762985286273425,0.24002118905215752,-0.6674787712370147,3.774007608000369,-1.1466972693039708,0.02465883365535504,fluorite
-42.79859800297058,48.35630812306208,-29.52390384609162,19.233070241691223,2.629475785255444,-1.8240652130933963,-6.39791282554701,2.2203739554337316,0.06324337138148906,2.6130397490926356,2.118684799665291,-0.41389357706338004,0.04406020831082058,spinel
-42.788733870459254,48.962659415220784,-29.890623779253843,18.646556111905525,-0.2683915486712749,-2.531695559989407,-3.59011318100956,0.23252488424304119,-0.6901655438401733,1.3511408199323967,-2.6687801568434777,0.02797334143803809,0.09900494934872195,spinel
-49.87144812055273,42.812034348735494,67.0641070108645,-28.728977947042893,-4.113954665974219,-9.326580575456212,-8.63037393547863,8.774659284904905,1.4035783378085753,-0.29038607112120474,3.7303378512861785,0.0439555884627687,-0.020938593082155288,pyrochlore
-63.29802810955988,-59.00907945828851,10.997721102969777,15.089273802992224,35.35804285763638,21.458023854221196,2.85680972582292,11.851504976588123,-10.217366046528738,2.461642605120474,-10.143719427023752,-6.100135211593077,-0.11968472416803766,perovskite
-56.21226221832542,8.085409545942554,-3.1046423514522132,1.9331911376302031,-26.819305354223836,-16.42059415831016,10.681958496702649,-4.205663504713883,-6.701067516795447,-0.8733968888765133,4.8926758333226825,-3.3946289982889084,-0.04438649942216166,pyrochlore
-42.79859800297058,48.35630812306208,-29.52390384609162,19.233070241691223,2.629475785255444,-1.8240652130933963,-6.39791282554701,2.2203739554337316,0.06324337138148906,2.6130397490926356,2.118684799665291,-0.41389357706338004,0.04406020831082058,spinel
-64.85617225989753,27.207957084604374,100.32030903781477,20.285366579796317,-32.78287798193707,-4.164970060342078,1.0089702289040439,-6.241217480312605,3.2008874173916624,-1.8854653189110877,-1.660704478008029,-1.9843433441876037,0.14332553907265444,perovskite
-64.865947906578,26.249834247749845,99.95105351430341,22.229535675181424,-29.028312629953895,-2.0904488900750575,1.5155512203005372,-6.7176908856681585,4.015833332645762,-1.6992860053922811,-1.4726088902904166,-1.4319766057405516,0.11896381172259596,perovskite
-70.10477633735296,79.64221034758333,-22.35820448666415,21.770752941076466,2.193540773742228,4.745954506032646,-5.386968252891974,-0.7357691700179814,-0.06356876863890193,1.0790248314443858,-4.6661106853381895,0.4696087666573163,0.03585448283746251,rock salt
-40.953538637792434,-140.46625626465917,-19.21285224111339,-1.3312562336122369,-81.62881927207408,20.991867992767805,3.2661727915285503,4.358685698525773,5.306206261586986,4.450341526875505,2.4038475163973767,0.8891697364978413,-0.010050568575026508,perovskite
-40.949504141719146,-139.59056883815222,-20.75037170879223,-1.1501719605664533,-85.34868636657993,21.442923420594784,2.7177500800584333,5.675533451386605,5.48655574316161,-2.629087928325106,2.6723765363415297,1.6191226260383473,-0.06777457222760774,perovskite
-40.953387265825896,-139.87185560855826,-19.10278314622387,-0.12210514147440676,-85.26618477449676,20.18145394421937,3.0852772969734588,5.36404231783056,4.4939523059554745,-2.049808608612267,2.814308875637862,1.2231618178599817,-0.056178357217183006,perovskite
-42.79859800297058,48.35630812306208,-29.52390384609162,19.233070241691223,2.629475785255444,-1.8240652130933963,-6.39791282554701,2.2203739554337316,0.06324337138148906,2.6130397490926356,2.118684799665291,-0.41389357706338004,0.04406020831082058,spinel
-62.2493105898151,-66.76378800498088,-46.41382533118822,-48.1802876631599,19.02697311084264,-8.346606337528534,16.21129793281583,13.231192693843361,-8.204675410052452,-3.914708128185822,-5.329694656127199,-0.4666597759038069,-0.09312483187316034,others
-63.83814821087853,-67.23998960205614,-43.91823202608991,-37.01493266664658,13.788907184058843,-9.21186307237388,18.480031754464655,13.4115914132982,-12.590826711014884,-7.561827336455977,-3.447339693290014,-1.8939487413463993,-0.07603623584953434,others
-62.31452445441493,-67.26914135543217,-44.18375743682829,-38.3464973347539,14.616052045531063,-8.609510192185255,18.431953685916888,14.617080946891967,-12.599295989447725,-11.158706379720059,-3.222603455285668,-1.693662548617418,-0.07120600929611642,others
-63.47972733783004,-67.28774475244566,-44.35036589746986,-39.43422676311652,15.216854034411163,-8.127559687406194,18.62597897913409,15.64017466206113,-12.7576712330088,-13.950620851345079,-3.008787803709418,-1.6824143010131003,-0.06329142092456763,others
-57.04487456641336,71.4042549702977,25.93317498981193,-15.855617175201736,-8.135516308688914,-10.336510717977625,5.766323057343147,4.029082164655151,-1.0818083798720153,-0.3477796277663714,5.395676026389291,-4.0269292871187226,0.020962226363486547,fluorite
-63.01376807102143,-21.137704849207466,-33.54675002235606,16.574335275273256,-12.1180402741754,-15.911903473485811,17.074656009858096,-1.688584869497351,-15.833165876219503,8.025903630347031,1.2754084195205955,-2.9984292205266208,-0.10692746816687548,multiphase
-56.738824596109325,40.03834850270982,-18.284329949753804,-4.730111561217441,-8.947245654544453,-8.68583609209566,1.9199509509888095,-0.5317909451901297,-4.3410578507432405,4.8544169895140925,-3.047715109449276,-1.1821015227981349,-0.08333744429860412,multiphase
-56.70513929157544,68.48893692467246,-12.818430655916366,-1.464329464074865,-5.0074661971124925,-2.708303334081176,1.9172459051492368,0.49052556323553986,-6.271727761198626,-3.448526277066776,-2.0167781447737223,-1.161813666226088,-0.07556457568534669,multiphase
-56.68687528001595,82.5196530491383,-9.134469149389489,0.023455846226525523,-3.120688431969704,-0.30474435107847775,1.6582032637247401,0.49152643007168884,-5.916356191140515,-3.468718332086567,-2.311819430717633,-0.8752152654100414,-0.08020272395615136,fluorite
-56.64565406581797,111.98685862836497,1.0132753130990722,4.30056115174294,-0.45386931482027393,4.5938094661460855,0.2972931522689848,0.6165180677049449,-0.7378188178461258,4.602328034066389,-5.068469424377604,1.0909565588670134,-0.13055657340711102,fluorite
-42.7908742680511,48.926302205245904,-29.739355849579802,19.87766233258813,-0.8838896201376656,-2.569693159219412,-4.273251522818459,0.6233644632390565,-1.5446896443572413,1.5126579336483132,-3.1353849581921067,-0.38023296588942657,0.11023652863560018,spinel
-49.846419447127,43.22649738039141,64.34407850804966,-43.416227879289984,2.722258021325679,-7.171725078111724,-8.544974353267712,11.272669638931232,4.507940064655671,-1.5223001004265981,2.295264151082468,0.35552444480040535,0.019495572197141264,fluorite
-65.85402713236327,-267.13349362759277,-28.31396250009336,-18.507854934021836,-29.51828811449152,-28.044916007054564,-14.872508031489808,0.5921413862020977,7.902865486302204,-0.8678924315399001,-11.869863603573945,-4.57002592312821,-0.09062649418116098,multiphase
-65.85771144196796,-267.1819445929344,-28.27675292033183,-17.185538946261318,-29.824993815193586,-28.17840490284446,-15.806900906267618,0.20729238583086307,8.23749679967301,-1.3385506762518915,-11.880505920820198,-3.9938025557508468,-0.11483018373309917,multiphase
-61.085403924811274,-266.73779317880076,-30.495632494661642,-30.32519082367311,-24.269253606425643,-26.54450913965889,-15.056223674532935,2.383788976906345,10.570023508323821,-1.260591917626364,-12.996065937781344,-4.252047492346854,-0.06579860741001964,multiphase
-55.75702917182266,64.74615941211394,-23.32184907668283,-42.31096595472578,-1.4653558988151119,-11.247806780250269,9.868500131032604,1.501841536477115,6.998071110940124,-3.111317825502269,3.3644344536223905,-0.9929046162062534,-0.030405678309350925,fluorite
-54.586891952749795,30.848796260124658,117.87593729542063,5.564110482310113,-15.4116975229325,0.6491733116910883,7.61570662849741,-6.627769682268047,-2.14834852239656,2.3337611759531427,-1.924127636364615,1.3864777583828634,0.15263864387382875,perovskite
-70.10477633735296,79.64221034758333,-22.35820448666415,21.770752941076466,2.193540773742228,4.745954506032646,-5.386968252891974,-0.7357691700179814,-0.06356876863890193,1.0790248314443858,-4.6661106853381895,0.4696087666573163,0.03585448283746251,rock salt
-40.953538637792434,-140.46625626465917,-19.21285224111339,-1.3312562336122369,-81.62881927207408,20.991867992767805,3.2661727915285503,4.358685698525773,5.306206261586986,4.450341526875505,2.4038475163973767,0.8891697364978413,-0.010050568575026508,perovskite
-63.87355182373116,-350.2106220597951,24.034106205778983,20.327635766146187,46.735492692749595,10.544200299566498,-0.3575313149429995,-0.4931466407542864,1.5529340249727994,7.299534716251557,3.5141913438424743,-0.8721324159513522,-0.04853345378448348,others
-64.55552722089791,-302.5743339744803,17.77992223624311,20.954723038558214,40.634876065416194,8.588712001006899,1.0346455107242356,-1.3280567125954335,1.6398075031236914,5.667952965492702,4.196658678235012,-0.934675174374707,-0.024640171397878996,others
-63.850774527737656,-255.00153965836014,11.527828575341545,21.550268636841196,34.56027589657759,6.641369430094195,2.420465801183603,-2.154477942144828,1.7330017044414774,4.02445921177295,4.876992094427294,-0.9883325267129486,-0.0013066567328916534,others
-60.998035400617376,-207.43232790997044,5.276195164343292,22.15064979925812,28.489232333241695,4.692029041984403,3.804503352549048,-2.981119349827882,1.826462203870257,2.3798700775436146,5.55806275798645,-1.0425695111648032,0.022031056131318394,others
-58.13096347508744,-159.86414189938554,-0.9667875420313692,22.796081680219274,22.396901339902314,2.733949407592653,5.19302772762973,-3.8178947075865715,1.9107109065252814,0.7532222740449441,6.24174327363532,-1.1066194970220202,0.04603998519272068,others
-55.27809334811081,-112.23280510895049,-7.228733601493246,23.38601284043564,16.32330419538507,0.7842013614257448,6.577748940126149,-4.643073804792358,2.0066915983848403,-0.8980042761381668,6.92301284145821,-1.1587576056022755,0.06924483491347666,others
-52.42535448791911,-64.66357258608687,-13.480413344595888,23.986428482799965,10.252312926720482,-1.1652482430540232,7.961794826939407,-5.469701057816872,2.100349023384389,-2.542631910768222,7.604013388761887,-1.2135547945066776,0.092591280551521,others
-60.83090804995623,15.27323062166991,-14.29117754964772,17.455910428128092,5.721900210378848,-3.6282613144823728,-5.819305085941529,2.348173123690075,-6.972845343539312,4.200113600284823,-5.125105301879934,-0.3189531240429204,-0.008718329942611014,spinel
-69.59115906097861,48.759804427994595,-29.73963920103329,20.28054238246682,-1.7175065440015658,-0.9035930114445261,-6.033696026577301,-0.8534879132583288,-0.7815848730955892,1.1765573931257194,-3.0978480534932555,0.20543087174424102,-0.0011044213064028696,rock salt
-70.10477633735296,79.64221034758333,-22.35820448666415,21.770752941076466,2.193540773742228,4.745954506032646,-5.386968252891974,-0.7357691700179814,-0.06356876863890193,1.0790248314443858,-4.6661106853381895,0.4696087666573163,0.03585448283746251,rock salt
-49.86363533240683,42.36292113564167,66.88036134996197,-32.04699574054137,-1.0747424715234288,-7.380225822857184,-4.057661112077788,10.389629693014458,-0.4684601194733844,0.03297389205656032,2.9620380233356434,-2.156664967739829,0.05379573863739284,fluorite
-49.865901010663684,42.72299405272727,67.4034492743644,-29.998931732966987,-3.803279280824519,-8.822613665115107,-5.393137734483876,9.829250769076458,-0.4279761028658058,0.31410693712093973,3.8887765081647925,-1.8305040027038935,0.034206405112244154,multiphase
-62.52368338060855,-239.0395589359617,7.918106301939176,17.70506574094678,35.38502848510783,6.630326403647772,-0.7884965119318288,-2.5300474970632116,5.074418547742923,1.45783622447982,4.194900971161234,1.4098202200460932,0.017749676098677503,spinel
-51.675289466559164,39.568252264026455,53.58391234931888,31.98152862042251,17.552228342930604,10.313279922170933,5.316681162540089,-3.2088462014652954,6.189294235993181,-17.691969312340703,1.0083536684279235,1.1531309853067135,-0.11295916250003346,perovskite
-68.40499653600072,-32.454402819358904,-21.5066991583331,14.968712077952617,10.913067455764981,-0.39457804907956984,-5.7466080925640455,-2.327132496804941,2.9788203037884884,1.8736854877352727,-0.562662750736795,1.2336356019933241,0.0207732673873664,spinel
-56.72495047836675,41.04462795381835,-14.804065865042006,-4.9028309349013455,-10.952558461955924,-7.631445004524549,14.023817309725295,-4.53695999138805,-2.640810766072498,6.879965013856392,3.001847806665344,-0.9511892524497547,-0.05884472323089596,fluorite
-47.57567838063381,56.805033959257315,-36.06900277370736,17.801969882337332,-1.0909281119060878,-4.366225271915381,-4.9711563011156485,1.8865357050744151,1.4232666766667634,-7.458218131609968,4.046095358398697,0.958355878259372,0.03529178416443335,spinel
-55.24920321012583,-66.31789608525904,-48.383735614284646,-63.41283213075775,26.7428928841017,-7.597483705223288,24.61945032849909,10.783574348847418,1.0872709529230278,-9.429987251077172,-0.19117084164784526,1.4652264616379682,-0.012604392284808696,pyrochlore
-51.5451788138118,42.244447087192015,41.15821708184181,-37.140497270933906,46.778635052166955,17.229066534761497,5.364429628307349,3.3370499199789814,22.085557732682094,-3.830475280433511,-7.127528273689112,1.4490145008522717,0.054048092009897575,pyrochlore
-49.84707551773796,43.3523752653208,64.40144780660638,-42.86542208099102,2.0045752575692575,-7.695789455975582,-9.353295209136917,10.7453925225562,4.901596339805728,-0.6500139153177571,2.3990550267279636,0.6773466800859609,-0.012350534814853598,pyrochlore
-42.80246778160256,48.25351054102988,-28.945130361091906,21.95199199127059,1.1590342814317793,-1.9836880848159026,-6.517435832516087,2.5194822804492256,-1.6384855427949674,2.9998250841506717,1.9356156992235292,-0.8336909953944271,0.03728692989213789,spinel
-42.7908742680511,48.926302205245904,-29.739355849579802,19.87766233258813,-0.8838896201376656,-2.569693159219412,-4.273251522818459,0.6233644632390565,-1.5446896443572413,1.5126579336483132,-3.1353849581921067,-0.38023296588942657,0.11023652863560018,others
-42.7987407382503,48.3201223093305,-29.253911200503232,19.83070759625768,2.160515649181157,-1.8321868080425698,-5.816344775033569,2.2729141716506067,-0.6052458988840783,2.8145626084108244,2.3229968053771866,-0.4211306784905098,0.038443231037731396,spinel
-42.805536469283034,48.03292527738233,-27.92125262305614,21.055162269306635,2.714351927549707,-3.1780313917338745,-7.101645078043957,1.5647162142942284,-0.4022399408717945,2.661326381465443,2.171403912356573,-0.13941289116762334,-0.04289552312724587,spinel
-42.89448279428767,-18.307116905429666,-41.013802899342124,14.140227658781342,-5.4687861401616615,-15.81675384006164,-5.030148860104044,0.9554977775849149,-5.049801921182116,3.355320666548934,4.180230343092589,-0.2746691410696869,-0.05206137842951586,spinel
-42.797624211917054,42.84417866696785,-29.11877615610188,18.570417725730465,0.007257210400545944,-1.3875510640604354,-2.484488783910418,2.5738110155344254,-4.464817487337157,4.459615462264438,3.518598805862037,0.9419992190291673,0.07343746438424459,spinel
-42.78067352726755,46.90159276701206,-24.003316450758533,17.507016876516204,-1.6497174785328994,3.8711575434465777,3.401114716067241,6.316530802424515,-10.965884532589222,-2.492554788111704,6.022389465220117,2.8252770349752794,0.07535485527731245,spinel
-42.83961876333311,41.57538858615726,-24.430151536285713,28.8848932907768,21.987729417211078,9.843420655279125,5.446253933939406,5.110422140142093,-10.000527056776257,9.239445369689918,2.170652770220215,2.916395611950218,-0.08051278516776761,spinel
-42.808165805180735,46.360960015721645,-20.67917981856305,20.77702651431052,2.8153458089897256,-4.047035520275266,-5.15344657500914,1.2804023504133184,-3.747937507562213,3.7933188169040477,2.7487961262497156,-0.22464983103900948,-0.03188005930366633,spinel
-60.9742516521862,94.67813210335297,-36.57151457610789,-34.08340943216592,14.989761962571457,0.6668151649405685,6.453804386995309,7.66784317704122,6.7232048594997735,-19.552251307990133,0.7055380916615179,0.9265361912083705,0.05039996426798776,fluorite
-39.63505772256552,31.11790211893762,-25.894987925085395,18.89538183174804,3.85915566309113,-3.519125971884508,-4.105997236789495,-0.9296388111801299,3.785428573485447,2.2475528992538756,7.587637421407216,-0.08084434189416356,0.07133912430269396,spinel
-45.22943834457766,43.18656935192806,-20.061064495255685,-57.93835316366507,2.2245351709021293,-11.281070646924242,9.100951750339576,1.2827550664067866,8.974262722180306,6.278256813714819,-0.006006391259857469,0.19980142566487302,-0.022611147444359325,fluorite
-51.672074983174596,39.556133061343445,55.25684376859181,35.93580208553338,13.80535008510411,9.337393004008343,8.600763478274523,-3.0425099486693483,1.0196925498946854,-9.219976363947318,0.2183001074497506,-2.7635144144529136,0.0030547645894760667,perovskite
-14.163169079863636,-55.59524926294608,-5.786234843740203,15.643813194134765,-7.477976544417189,-10.679390504944521,-6.795324773658404,-5.901631443709913,5.031985743856971,-12.256853449537829,-15.31568017664936,5.83540624851976,-0.1550608532654003,multiphase
-52.099314367586075,13.896517992448025,55.24643238421193,13.955415515299094,-13.022414395171808,-0.998462603882242,-22.274997308980193,-5.3446627105036235,7.659132640561232,-9.40762315854628,-8.626275489500633,-4.966395464156079,-0.0022473568379246522,others
-69.05510113825827,48.674653617176034,-30.421142387756937,17.395166870763077,3.434476315759312,-1.7435934051908184,-6.051672275169496,1.7774513440291173,-0.9710548661551357,2.388457026007174,2.4651823971507594,-0.574667914072446,0.06488593529643016,spinel
-42.82390546557021,33.615676739295,-33.325248950029184,18.692066103188267,1.6662449419107972,-5.520838950458021,-3.364040726802891,-2.5724847760425806,5.9676227335830205,-0.02812981840493478,6.345604831538319,2.099293906254591,0.0041253909001963684,spinel
-62.52209618750372,-239.03243573367544,8.04192876768667,17.399948841701047,35.294779462014766,6.6759689143637315,0.043834389456844036,-2.2351294350159723,4.560038235681645,1.594521335021554,4.316301419329369,0.8944543766994784,0.06087690944503543,spinel
0.13634012474409474,-112.95538069436034,11.496877652876279,29.300849734816538,-16.54576123650974,-16.864684799987756,16.139380625136916,-15.477984092682627,1.4494973223149543,-4.445107801353366,-12.664645570596377,0.27887083732729323,0.05222676464777121,perovskite
0.15870303698775956,-112.47551015455358,8.548015364481401,15.196607228281138,-9.867512566013104,-15.015146359781461,14.25629621604758,-13.612132175249483,5.581237469051416,-5.521849068312818,-14.341209284817506,1.6195996021348407,0.05416712953043157,perovskite
0.1596233725258429,-112.47283073391785,8.616405689103956,14.9920155614805,-9.902882664732928,-14.970927388800451,14.748388970141043,-13.401067219246828,5.271714207982079,-5.557666801176431,-14.26006174096717,1.32002025932481,0.06581469827334385,perovskite
0.13899121365552958,-112.93557923933568,11.547756612751598,28.188429663843536,-16.118283363321616,-16.81771172106546,17.81552249543755,-15.543653056119252,1.794989491689627,-4.923670004093516,-11.832528141648648,-0.020055634900106867,0.08347916187625781,perovskite
-42.80524411862464,47.95032237530515,-28.17355644167158,21.44713611471238,2.351521424817932,-2.127756698697519,-3.70554073634192,-3.9263553426867244,5.768940942790266,1.0386870008251492,6.284039977117521,1.6488495590296885,-0.03544809856248676,spinel
-47.57060844613093,68.61733765512672,-31.29367452864419,23.329886016571663,-0.48537044061571777,-2.8653312074860597,-3.503168241185403,-3.6576060809800754,6.272708093274979,-9.249204882732336,7.427562192331731,3.2374287251402194,-0.13091620075654942,spinel
-47.564505776249675,68.81428819884327,-32.0362202190286,21.31845168643312,-0.43465443505989754,-2.115557138596145,-5.926853016346838,1.0751584344982543,1.4889992752144536,-7.933559369579626,4.010977469865674,1.3278961529961713,-0.060621138944759734,spinel
-54.277651606194766,41.026097198598336,-21.034459672083017,-35.117530171521,2.5702626131153252,-6.868459687723227,9.35112045207492,3.4772891981330227,-5.884924574867661,6.108486057748067,-5.451495459955877,-2.9262452138289667,0.06455096490761969,fluorite
-65.46032120821923,-239.01766837971266,7.855588855627843,17.157301752193632,35.574741984468695,6.708055773593331,-0.6168977976014816,-2.3838446765376666,5.069044490287659,1.4332441131271452,4.178058290690197,1.315328836770579,0.02583267416520174,spinel
-42.7987407382503,48.3201223093305,-29.253911200503232,19.83070759625768,2.160515649181157,-1.8321868080425698,-5.816344775033569,2.2729141716506067,-0.6052458988840783,2.8145626084108244,2.3229968053771866,-0.4211306784905098,0.038443231037731396,spinel
-69.07769808868647,34.10948677507375,-35.43524737785973,15.15549118517957,2.778206195863305,-4.274174526969672,-8.805177516806603,0.8669512908505101,0.43600112207753483,0.7304952948846761,2.42127126575478,0.5200804317524366,-0.009663916612538737,spinel
-41.83040072771383,45.01933589910868,-29.219198185868414,18.33969922241161,-0.5129249363205801,-2.945263895519611,-3.9733699927458694,0.3921090620946508,-0.4168834010935498,1.41515701642804,-2.3488449106474087,-0.29113950199631944,0.10194410132291032,spinel
-42.788733870459254,48.962659415220784,-29.890623779253843,18.646556111905525,-0.2683915486712749,-2.531695559989407,-3.59011318100956,0.23252488424304119,-0.6901655438401733,1.3511408199323967,-2.6687801568434777,0.02797334143803809,0.09900494934872195,spinel
-65.45777423304314,-238.8669546187791,7.750326532191309,17.386909483516106,35.208746222236826,5.738932506011686,-1.4394775907164394,-4.8401225022118375,6.296766917951281,8.929764507110775,3.285501930744948,1.5126571545088972,-0.0030901672828846927,spinel
-42.788733870459254,48.962659415220784,-29.890623779253843,18.646556111905525,-0.2683915486712749,-2.531695559989407,-3.59011318100956,0.23252488424304119,-0.6901655438401733,1.3511408199323967,-2.6687801568434777,0.02797334143803809,0.09900494934872195,spinel
-40.95595994045459,-140.25567757129724,-18.092239817862875,0.7569034529111747,-84.02736405885503,18.986632398125472,2.998889524281168,2.504680661206489,5.02240041544303,3.6538142450514073,0.3410947551952196,1.6400842390675443,-0.08555903714334634,perovskite
-62.23828160840438,37.62826862854865,38.17005017630605,-24.008891459532514,-3.1931409678101517,17.012435853313935,-10.397903378529293,22.938614790800543,-15.796600233752521,5.485576430255648,-23.38418454520993,-1.0095212446201742,0.006058613818685776,pyrochlore
-42.796347025212555,48.51068815863691,-28.801416962760285,21.93492957436311,-1.8617621395208417,-1.7046930659757837,-6.684170545013501,-1.2803859555718091,-0.7613831037044321,1.230333786072606,-3.1296591477305182,0.35961947460862476,-0.022528903501878084,spinel
-66.86497889350318,-134.95504159687934,-11.672132174782227,-23.433412443264857,40.10364153367316,10.672521810353038,10.314513091736359,11.207509225875857,6.647546358716269,-24.803913220189003,5.484688982795021,-2.0944142685513363,0.06492331600152879,perovskite
-70.33193435368942,92.98884802247068,-18.046680549956328,24.68730817998319,-1.0450769242684004,2.5378332240610897,-5.09982202005258,-2.6084589867611623,0.20748545532643448,-7.98282257957316,-1.6924925008331704,0.7083340289437174,-0.024637944851455318,rock salt
-43.90213525315665,53.01667341907313,-30.144439362234998,19.40547989811786,2.2650841351910245,-1.2323285759970801,-5.495693680349589,3.961878293670157,-0.5691745996837483,-5.443840570751085,3.222287434996232,-0.18952964983236598,0.05369831614483456,spinel
-63.59818790899888,48.537542763698056,-26.663118793502832,21.265585710487372,-2.143879788615749,-4.189431973671757,-7.491080355366249,-1.4846602558408701,-1.5294667930427366,1.0438477398514578,-2.3797665353507793,0.4556504061440201,-0.08425976082492737,spinel
0.22523072302249147,-111.28530554094138,2.414533087437036,-21.370954810120516,5.766814154940931,-10.169660066284713,16.49921010728785,-6.869117732547954,11.758671626468896,-6.618469969198394,-16.87384269141857,0.7412057746812053,0.21265995499631907,pyrochlore
-32.766688934825595,-62.244012651620665,165.3145112018878,-23.04071496227281,-17.001681240271914,-16.869915098471086,-34.331334653292295,16.025983866667058,-7.411987509143259,2.6371328557531086,4.7070448847630235,3.69484243889994,-0.06550867459117637,multiphase
-37.03733521073111,-35.860527143579645,140.01499369739923,-27.979935937815355,-12.105063427847256,-14.527041379241094,-28.36575918126737,14.65552803840909,-4.141897540440411,1.6125433028664844,4.065035066353458,3.135450518963289,-0.05388797087286723,multiphase
-60.6624558705966,101.72527936881009,16.203548828796144,44.00492998805332,-10.039144586506076,-4.465969243163787,8.368296096337975,-10.310132115867377,-5.658415561356307,6.973961653916945,2.8310715682861356,-1.092684006771428,-0.24040541620742828,multiphase
-62.36608164176039,105.25922690612073,10.27604191925829,43.88546461033914,-15.84746439502657,-2.9778342711690104,10.74838297792505,-8.89304632690729,-6.263191223393385,-1.4446898864519966,5.3692071428235515,-1.6524101884019728,-0.21143503928055707,multiphase
-64.33262645985107,55.61077861418076,1.3918703525668548,38.32268420211061,-26.736721678589,-13.481159924578535,9.857158877926707,-9.223289763786566,-7.7476045406315635,-1.8442849116191198,5.917860945301449,-2.2544834342697087,-0.2099595613186065,multiphase
-64.95573076837852,-22.32471804145422,-13.478496013595944,38.015111398140846,-28.0684236395201,-18.78830206103397,9.826323691768877,-7.92388089028684,-14.11891151966418,-0.06463420303587952,-0.9587645080489504,-3.907373182845909,-0.2787566488740285,multiphase
-70.23514615359633,-267.22045351227155,-28.202417845981373,-12.749177064799937,-30.75499743916138,-28.520526320270935,-19.116925951348104,-0.9130479478280833,9.415096526383273,-3.7478393744869223,-11.864844831086424,-1.9074329947879072,-0.009313374249323214,spinel
-51.67225259492179,39.590348809061396,54.09305554925264,32.82027455530276,16.202038655664097,10.17525634103459,5.993425828214814,-2.349960979316739,3.3949632187337784,-13.916205058142339,-0.02711764099994196,-0.7594833096209221,-0.0805583822946001,perovskite
-51.677899064246944,39.45526277005192,54.85971622017476,36.4904911691835,14.3392586541163,9.88011581934319,6.098924810563965,-2.1423981810157446,1.5351249653918089,-13.853865921091128,-0.009439109508876609,-1.4157906959402773,-0.0750111521390473,perovskite
-51.68317783559618,39.63993658271963,54.40309152408503,39.00484038864347,14.268855806551151,7.504967759760664,3.199018784532104,-9.594997858701872,8.19139241368898,-3.27502685227941,0.05621899691382093,2.1161095421568348,-0.18798146200799892,perovskite
-51.683015297405305,39.654380084087904,54.146841527057504,38.43480771468448,14.642333339947697,7.691385567137602,2.268342431392238,-9.284581525508683,8.339409601554067,-3.6346960740687067,-0.3592501955624028,2.389932759612414,-0.20144728097121645,perovskite
-51.682683989643486,39.66995996498116,53.84190773172486,37.79704237226126,14.984894200148457,7.98520521449368,0.8889495954164985,-8.598135686928009,8.085700507346822,-3.9068626762875027,-1.1387515604841427,2.546277660563007,-0.21975917932778333,perovskite
-51.682102430814446,39.69971334884511,53.24360364025766,36.57791598039209,15.642478388297572,8.562647181126051,-1.8621021207810813,-7.237000749009178,7.564057502145317,-4.429555504439428,-2.693582412826737,2.8482983597254936,-0.25590942137035366,perovskite
-70.10477633735296,79.64221034758333,-22.35820448666415,21.770752941076466,2.193540773742228,4.745954506032645,-5.386968252891975,-0.7357691700179831,-0.06356876863890193,1.0790248314443858,-4.666110685338191,0.4696087666573163,0.03585448283746251,rock salt
-62.59480468290959,-280.0708531646135,13.326713153701107,16.743399078142644,40.29843975341592,7.437280686871226,-1.781318507567292,-3.8686365331517667,5.652771082373015,10.571733774751223,2.8322444976655623,1.017546666906778,0.0202525217479268,spinel
-62.038204567137655,117.20774472970874,-14.4914411797835,-19.07098581430492,6.278996890821016,3.0612773055183506,15.832628636614025,11.716776006410992,-7.6821831906652065,-17.30745468149906,-1.151584469084825,-2.7691883084950923,0.07120780913220259,pyrochlore
-52.636726404594214,42.466657867681846,-18.61645346988086,-57.66743860916867,2.9919469044070865,-13.604496486473124,6.991933727661834,0.20803499125301528,9.958368063909319,6.20899788798468,-0.5778809664512876,0.19746248280388912,-0.04776183281376012,fluorite
-42.80134784845016,48.2930089518745,-28.664535298716004,20.852681748813495,2.454597133356529,-3.0765820020734864,-0.7038422366070769,-2.1093599680869204,4.055274512744369,1.5685223844984506,6.588887834440188,1.065401140694938,0.076925943111821,spinel
-42.7987407382503,48.3201223093305,-29.253911200503232,19.83070759625768,2.160515649181157,-1.8321868080425698,-5.816344775033569,2.2729141716506067,-0.6052458988840783,2.8145626084108244,2.3229968053771866,-0.4211306784905098,0.038443231037731396,spinel
-42.79859800297058,48.35630812306208,-29.52390384609162,19.233070241691223,2.629475785255444,-1.8240652130933963,-6.39791282554701,2.2203739554337316,0.06324337138148906,2.6130397490926356,2.118684799665291,-0.41389357706338004,0.04406020831082058,spinel
-42.7987407382503,48.3201223093305,-29.253911200503232,19.83070759625768,2.160515649181157,-1.8321868080425698,-5.816344775033569,2.2729141716506067,-0.6052458988840783,2.8145626084108244,2.3229968053771866,-0.4211306784905098,0.038443231037731396,spinel
-42.79859800297058,48.35630812306208,-29.52390384609162,19.233070241691223,2.629475785255444,-1.8240652130933963,-6.39791282554701,2.2203739554337316,0.06324337138148906,2.6130397490926356,2.118684799665291,-0.41389357706338004,0.04406020831082058,spinel
-42.79859800297058,48.35630812306208,-29.52390384609162,19.233070241691223,2.629475785255444,-1.8240652130933963,-6.39791282554701,2.2203739554337316,0.06324337138148906,2.6130397490926356,2.118684799665291,-0.41389357706338004,0.04406020831082058,spinel
-70.24161609242486,-267.5475915502873,-28.067517751035325,-11.376136428228378,-30.78287380987137,-27.807779697078193,-19.556433816235533,0.8383082869626204,8.740539584408069,-11.118909809333118,-11.083716522829517,-1.358700551270946,-0.027486690544762382,spinel
-49.871562027557786,42.81245894499432,67.05343482068999,-28.701548844311127,-4.109492934176053,-9.337100138948546,-8.704065002079467,8.73349290599236,1.453930628675522,-0.250095411076785,3.714354771421951,0.08732030630680754,-0.032240781968069676,pyrochlore
-54.54980101796282,34.17218613001117,118.13221875824864,-5.432140747525992,-24.754202460265034,-6.281312384880268,6.185052446196963,-6.785852666064303,0.2631789299467471,2.6969306614231527,0.7264278500859234,1.258146979491194,0.10238099934860823,multiphase
-49.84659087694704,43.299425016036366,64.45072331300837,-42.962746760288596,2.171264530033504,-7.526648442629574,-8.786462534629484,10.922947329232892,4.579494694755155,-0.6577003846422826,2.3745664472839674,0.38552102025997925,-0.0011017758192206628,pyrochlore
-49.84562265715346,43.356889275319986,64.50858574601263,-43.187606182037,1.94876834187842,-7.627880716656463,-8.581259749900775,11.072928160964812,4.4175072832059925,-0.6931140754023488,2.524925868507824,0.20675996542754405,0.0002138227080028532,pyrochlore
-58.55408883708112,64.88131062301885,1.365831123758639,-56.588218068324494,7.787082401159349,-8.326974431224357,5.772611786857208,8.222900230824358,9.846468756585523,-2.7835013717646504,1.8320379627262189,-2.1573076038895174,0.04218149196335785,multiphase
-58.17623194512736,69.03371935621482,2.4911982993835835,-56.39358618109381,8.349647407765982,-7.586098534644899,6.073287836538466,8.365909657692375,9.743779203627163,-2.7036441192018117,1.7873772384761581,-2.3056834176542544,0.06098203941445579,multiphase
-49.84448323889136,43.32912302811957,64.0706550838113,-45.676339465028654,3.325451292099416,-6.558547832352076,-8.515447317137399,13.392557474573053,4.262377257906152,-7.407066762318394,3.0320461430876438,0.4644246132336036,0.027161342411872846,fluorite
-59.06925045940444,70.57259180129898,6.891108248732863,-36.135547862495365,-0.3634032192602845,-9.721171775167356,6.898885588641015,5.557995651360445,4.874954394162643,-2.1541828033511834,3.7714980025359472,-3.142056289495528,0.03355601698069188,fluorite
-58.177587284235145,69.02892043283381,2.193166496363915,-56.70431282188568,8.845486869848173,-7.437026123629046,4.968030434923577,8.36222434578099,10.490820462451246,-3.8746008541220363,1.65712255853914,-1.568064608602505,0.0524673248325398,fluorite
-49.87903931661369,42.57047798252091,68.29765254300086,-22.057226237930372,-6.865000418590192,-10.692635294166976,-7.797722388315236,5.530682713935607,0.35520982159572156,8.226389071841268,3.2409637506615505,-0.7394867693849392,-0.03006593075077424,fluorite
-49.92216825256969,23.586696037546233,62.56111021343456,-19.8715274580156,5.814564059302299,-4.381213373959076,-1.7774382346182058,4.620816740396945,-0.8902042652732973,8.169888731595265,-3.399135836362642,-0.8909317343742948,-0.0005446520144289924,fluorite
-49.91020569577257,39.45742604116779,68.70753858188912,-12.163321436357108,1.0284983255742972,-3.9269649690009665,-1.470171061466953,6.572944472640069,-3.933953225614573,0.9613958665659936,-0.17195234438069834,-1.6894206575708708,0.010605401788265967,fluorite
-55.144575092495245,42.411355137814866,-5.539976889032388,-12.855347840634735,-0.34845815364717936,-6.804630782152861,21.12072181655632,2.12153085613458,-7.424112264152065,-0.28905738475961584,1.3341733848953852,-0.2969662070197856,0.02085891180920818,fluorite
-58.405263490683666,63.370596309829125,1.788088028924406,-3.0561107467073327,-1.0854496217847966,-3.5420826252283426,22.587005748142026,2.815469563773849,-10.229770287029794,-5.08076655178823,2.142192691428773,-0.8380265110982705,0.024089438284009335,fluorite
-61.0240105475695,24.04860740383765,59.691486695027194,-1.4871704603522744,-25.456267071393583,16.34349832579477,18.08633180724371,-2.5760481283925145,-17.86376273627296,12.270972483048439,0.5089248621201592,6.2785818894066665,0.24460061967327773,perovskite
-42.79247724658056,48.613485740669105,-29.38019044776,19.216007824783773,-0.3913206356971699,-1.5450701942532792,-6.564647538044422,-1.5794942805873013,0.9403458104720244,0.8435484510145415,-2.9465900472887543,0.7794168929396754,-0.01575562508319517,spinel
-40.72439471104141,-308.80749273299466,-36.3560450820341,-56.66599061515547,32.42215691090233,-18.415289983587574,24.672564581350805,9.63286774689011,-14.18970283239878,8.234723241885405,-6.007743127351173,7.581480207312961,-0.18221940906179124,pyrochlore
-64.85154149130707,12.147834466053013,53.39653536890816,20.41363993236999,0.6096052070934803,9.528877885318161,-16.22542637786721,-1.375863177061774,1.947027747928864,-11.302539424443303,-8.584839720827073,-4.123322352200518,-0.014663398674394701,others
-63.677914266243654,-234.67584540168374,13.293021834347726,18.87704182459187,38.832645373394094,9.273710529940336,-27.183266564250882,20.148279608415784,-10.329743585446174,9.863476311929261,8.384707767170378,-6.463212187991928,-0.2781451704116562,spinel
-70.10477633735296,79.64221034758333,-22.35820448666415,21.770752941076466,2.193540773742228,4.745954506032646,-5.386968252891974,-0.7357691700179814,-0.06356876863890193,1.0790248314443858,-4.6661106853381895,0.4696087666573163,0.03585448283746251,rock salt
-45.235210585150185,43.78545177084666,-22.102721406276622,-59.68514952821935,5.277164759036502,-12.96946524945854,5.198957156907838,1.5459597243640397,11.17048540202454,3.6549573961015938,0.3870280833388927,1.9814739249397455,-0.056010037255961986,fluorite
-42.70230831155588,56.22461587275883,-15.258056050577828,-7.152001848119312,-5.8370113699180735,-4.400483992994005,7.871586448605935,-0.5632944615654463,-8.987647418058238,5.239443504702791,-4.312441590632769,-1.6507877240062783,0.0606784078158733,fluorite
-42.712746526853564,56.03680651270531,-15.431158960935484,-5.816606056120705,-3.6303469465634493,-5.412918993503384,9.543963091783095,-6.049872664461294,-0.6517710114852733,3.083586964794762,1.8242631611359035,2.364016623624128,-0.03336191293932056,fluorite
-39.16364037666952,41.96329298119133,-11.921424053010412,7.074231344572041,-6.755879571590249,-10.798671146685624,11.548646750926828,-5.315405020506173,-3.399919000879059,3.5795030709864335,2.725515551294453,4.397454017105552,-0.06539738826644959,fluorite
-42.74204886756928,56.363404345897465,-15.515622729551083,7.2492618729415454,-7.150781104200448,-9.009706562767452,14.106895048611428,-1.2794192742492587,-4.972728110681224,-10.134002895406013,5.098814989708801,2.9299148436338776,0.00382819034057591,fluorite
-42.809967377335255,34.32725571231299,-34.20237422198395,17.0053755577388,-2.0088657906374223,-5.180599995697833,-5.15814967214884,-0.5273252602321978,0.30327613410907617,-0.3754797977980928,-3.546436635571592,1.2450278505685048,0.03753605179352659,multiphase
-24.774616854960584,-144.13039024422264,2.5256810447188798,-78.73268953080559,12.227766245441142,-35.05249439906703,-24.883153742323266,-30.97586553963678,-28.113314025938323,-3.3033444707797557,4.129588852424458,3.1800202405751214,0.036321055192988894,perovskite
-26.804230068063234,-169.66290238251892,-6.522443849037288,-80.72464397219679,7.045096545748979,-37.52521595192637,-24.059214199104932,-30.668725172381045,-28.37911789879928,-3.5523800605366915,4.870943807777067,3.125677353182361,-0.0002454619459570928,perovskite
-6.256928129909028,-135.32332634369376,2.776599383898585,-78.22749718921833,11.204288539360913,-34.09047890653217,-23.40174360497898,-28.170255058494966,-27.542588588103044,-3.311804585758928,4.4722603865301185,4.308445617901953,0.046289410460657265,perovskite
-6.86238569032129,-136.10944557028117,7.632730059800124,10.07533531264201,4.215366056279343,23.089125380865056,7.261035829062294,26.89499438230049,-36.23731524141574,-8.736930338641201,-3.024306855679232,5.507598990492653,-0.0100164255475379,perovskite
-6.848937720824523,-134.80478315837703,6.110218062909837,8.027353379750863,-0.23610197261358934,22.340343951050755,7.178522764675119,26.886067887435388,-35.555947852847495,-9.170806324475414,-3.1050273073919907,5.493307476284848,-0.0026904247932066916,perovskite
-6.839400749053368,-133.8407763206624,6.339809501868174,5.810051709602433,-3.611622639142375,20.18567250385111,6.783686078206987,26.661018747490118,-35.37439240304346,-9.72574730901188,-3.2224932261894743,5.512725766522976,0.0063854432650740645,perovskite
-45.33188296139901,38.932143682567016,-10.514205729244594,-2.755233357327981,-12.095819331733928,-11.543722030706828,17.631226378036466,-5.48908451493573,-6.684336875124288,8.212440249919936,2.0682246261524697,-3.057447548238347,-0.03026297873591588,fluorite
-45.28200927788331,41.41857058643134,-15.474710162938315,-30.685406784308974,0.7630019205423579,-7.743945340106006,16.356560812698213,-1.5401125348483031,0.2796814085219168,7.3644235026256695,-0.8125113304209356,-1.7665201685818452,0.0087818725020401,fluorite
-49.845508750148404,43.35646467906119,64.51925793618717,-43.21503528476877,1.944306610080254,-7.617361153164129,-8.507568683299946,11.114094539877357,4.367154992339046,-0.7334047354467543,2.540908948372052,0.1633952475834981,0.011516011593917241,multiphase
