atomic_ea_max,atomic_en_allredroch_sum,atomic_en_sanderson_max,atomic_hfu_max,atomic_radius_max,atomic_radius_calculated_max,atomic_radius_calculated_sum,atomic_spacegroupnum_mean,bulk_mod_max,covalent_rad_emp_max,covalent_rad_emp_sum,density_of_solid_max,electrical_resist_max,rigidity_mod_max,van_der_waals_rad_mean,entalpia_oxides_min,entropia_oxides_min,deltaCp_oxides_max,oxidation_sum,Z_max,Z_sum,phase_disambiguated
12.5,1.15375,0.225,6.375,46.25,52.0,157.75,39.575,27.5,37.5,94.75,3327.5,18.5,8.25,53.375,-476324.6125,-74.503,4.5095,3.625,18.0,56.125,fluorite
10.0,1.14,0.18,5.100000000000001,37.0,44.40000000000001,169.6,40.04000000000001,22.0,32.4,92.0,2662.0,14.8,6.600000000000001,53.67999999999999,-762119.38,-119.2048,7.2152,3.5,14.4,55.8,fluorite
12.5,1.15125,0.225,6.375,46.25,52.0,154.25,39.575,27.5,37.5,116.5,3327.5,18.5,8.25,53.075,-476324.6125,-74.503,1.589125,3.5,18.0,49.875,fluorite
12.5,1.16,0.225,6.375,46.25,52.0,159.125,38.8,27.5,37.5,94.75,3327.5,18.5,8.25,53.5,-476324.6125,-74.503,1.589125,3.625,18.0,55.375,fluorite
10.0,1.15,0.18,5.100000000000001,37.0,46.6,171.8,38.8,22.0,32.4,92.0,2662.0,26.2,6.600000000000001,53.88,-762119.38,-119.2048,2.5426,3.5,14.4,54.59999999999999,fluorite
12.5,1.15375,0.225,6.375,46.25,52.0,160.375,39.575,27.5,37.5,74.5,3327.5,18.5,8.25,53.475,-454912.9875,-73.501625,4.5095,3.625,18.0,59.25,fluorite
10.0,1.14,0.18,5.100000000000001,37.0,46.6,173.8,40.04000000000001,22.0,30.0,59.6,2662.0,26.2,6.600000000000001,53.84,-727860.78,-117.6026,7.2152,3.5,14.4,60.8,fluorite
22.4,1.65,0.512,4.100000000000001,28.0,33.2,156.8,43.76000000000001,36.0,27.8,127.6,1781.6,28.8,23.0,48.56,-450821.78,-109.7254,14.3822,3.166666666666667,5.600000000000001,26.0,spinel
22.4,1.65,0.512,4.100000000000001,28.0,33.2,156.8,43.76000000000001,36.0,27.8,127.6,1781.6,28.8,23.0,48.56,-450821.78,-109.7254,14.3822,3.166666666666667,5.600000000000001,26.0,spinel
24.0,1.384,0.256,3.1,97.5,16.1,76.30000000000001,34.33333333333334,18.0,84.5,149.4,3073.0,30.75,8.200000000000001,44.95,-1793682.4,-293.9765,10.684,2.833333333333333,28.5,42.0,perovskite
28.33475,1.51565,1.140057,7.133689999999999,83.33749999999999,78.6706,128.829,36.72933333333333,50.6692,78.6706,122.2924,1800.09,9.6048,17.3342,38.49688333333333,-2234411.18164,-417.8455579,1.5322991,2.855512230887156,8.665366926614677,16.73445310937812,spinel
22.4,1.67,0.512,3.44,28.0,32.2,152.0,42.36000000000001,36.0,27.8,128.4,1781.6,28.8,16.4,48.32000000000001,-380885.64,-109.7254,4.8186,2.666666666666667,6.0,27.2,spinel
18.6704,1.553644,0.426752,2.86724,24.1715,27.8389,154.5309,35.78493333333333,30.006,23.1713,129.3592,1484.9636,24.0048,13.6694,39.45233333333332,-317468.18094,-91.4561209,4.0163031,2.388888888888888,5.0,23.16666666666666,spinel
23.68,1.618,0.512,3.44,30.0,30.4,146.6,41.28000000000001,36.0,27.6,129.2,1784.0,1.44,15.2,48.32000000000001,-240601.72,-77.1958,1.71504,2.1,6.0,25.2,rock salt
14.34426,1.191622,0.36652,4.46488,35.8405,42.17509999999999,200.1708,36.63878333333333,28.322,33.0066,162.6716,1427.762,23.9904,7.3348,44.33384999999999,-632919.69748,-149.3290778,3.8273018,3.221933333333333,9.3352,33.6668,perovskite
19.73728,1.651997,0.426752,3.41735,23.338,27.6722,153.6974,35.78493333333333,30.006,23.1713,131.0262,1486.964,24.0048,19.1705,40.31361666666666,-375759.9536299999,-91.4561209,11.9875637,2.972222222222222,5.0,26.83333333333333,spinel
23.68,1.588,0.512,3.24,30.0,32.2,149.0,40.96000000000001,36.0,27.8,132.8,1784.0,28.8,15.0,48.52,-380885.64,-102.2912,4.5946,2.566666666666666,6.0,24.6,spinel
17.22,1.266,0.284,7.2,31.0,41.6,197.6,41.60000000000001,40.0,30.0,141.8,3330.0,8.66,13.8,50.56,-818382.16,-180.9412,4.4964,4.4,14.6,49.6,multiphase
22.4,1.612,0.512,4.56,28.0,34.2,159.8,43.76000000000001,36.0,27.8,127.6,1781.6,28.8,23.0,48.48,-620230.42,-175.9482,14.3822,3.666666666666667,5.600000000000001,25.40000000000001,spinel
24.0,1.291,0.262,3.18,97.5,20.8,86.0,31.96666666666667,14.0,84.5,154.2,3073.0,5000.0,7.0,45.2,-1793682.4,-293.9765,10.684,2.833333333333333,28.5,50.10000000000001,pyrochlore
22.4,1.642,0.446,4.100000000000001,28.0,33.2,154.8,43.76000000000001,36.0,27.8,128.6,1781.6,28.8,23.0,48.52,-450821.78,-109.7254,14.3822,3.066666666666666,6.0,26.6,spinel
12.86,1.632,0.512,4.100000000000001,28.0,33.2,155.4,42.52,36.0,27.8,129.6,1780.0,28.8,23.0,48.52,-450821.78,-109.7254,14.3822,3.166666666666667,6.0,26.4,spinel
22.4,1.65,0.512,4.100000000000001,28.0,33.2,156.8,43.76000000000001,36.0,27.8,127.6,1781.6,28.8,23.0,48.56,-450821.78,-109.7254,14.3822,3.166666666666667,5.600000000000001,26.0,spinel
21.23121,1.658495,0.853248,5.399459999999999,44.9955,50.6616,156.016,42.93803999999999,59.994,41.9958,127.3462,2966.37,24.0048,24.9975,48.47156,-375759.9536299999,-128.6468007,11.9875637,3.05561110555611,8.998200179982002,26.16658334166583,spinel
27.30182,1.664615,1.097216,6.943319999999999,57.861,65.1472,155.46,42.35168,77.148,54.0036,127.1684,3814.54,20.5776,32.145,48.40971999999999,-390043.52974,-165.4305994,10.2760819,2.97623808571619,11.56988602279544,26.28564287142571,spinel
31.85,1.66875,1.28,8.1,67.5,76.0,155.0,41.9,90.0,63.0,127.0,4450.0,18.0,37.5,48.35,-455020.45,-192.9895,8.988875,2.916666666666667,13.5,26.375,spinel
10.61879,1.525305,0.426752,3.11729,25.005,29.3392,155.3644,33.95123333333333,30.006,23.1713,131.1929,1483.63,24.0048,13.6694,40.70258333333333,-317468.18094,-91.4561209,4.0163031,2.888888888888889,5.0,23.66666666666666,spinel
10.0,1.142,0.18,5.100000000000001,37.0,49.40000000000001,178.8,38.8,22.0,30.0,59.6,2662.0,26.2,6.600000000000001,54.56,-727860.78,-119.8624,7.6494,3.500000000000001,14.4,58.60000000000001,fluorite
12.86,1.546,0.512,4.100000000000001,30.0,33.2,156.0,42.52,36.0,27.8,129.4,1780.0,28.8,23.0,49.0,-450821.78,-109.7254,14.3822,3.166666666666667,5.4,22.8,spinel
23.68,1.618,0.512,3.44,30.0,30.4,146.6,41.28000000000001,36.0,27.6,129.2,1784.0,1.44,15.2,48.32000000000001,-240601.72,-77.1958,1.71504,2.1,6.0,25.2,rock salt
10.0,1.118,0.18,4.2,37.0,47.6,177.8,37.68000000000001,8.200000000000001,32.4,62.0,1580.2,26.2,6.600000000000001,55.24000000000001,-762119.38,-119.2048,5.7538,3.300000000000001,12.8,52.60000000000001,fluorite
20.55,1.154,0.45,10.5,77.5,103.0,191.9,31.86666666666667,4.100000000000001,74.0,107.1,3255.5,21.65,16.5,44.9,-548729.9,-96.7685,2.8769,3.5,20.0,48.2,pyrochlore
23.68,1.618,0.512,3.44,30.0,30.4,146.6,41.28000000000001,36.0,27.6,129.2,1784.0,1.44,15.2,48.32,-240601.72,-77.1958,1.71504,2.1,6.0,25.2,rock salt
20.55,1.154,0.45,10.5,77.5,103.0,191.9,31.86666666666667,4.100000000000001,74.0,107.1,3255.5,21.65,16.5,44.9,-548729.9,-96.7685,2.8769,3.5,20.0,48.2,pyrochlore
9.12,1.228,0.545,9.35,70.0,88.0,187.9,31.5,55.0,68.0,154.4,2253.5,20.0,22.0,38.81666666666667,-472374.45,-92.6665,3.6542,3.0,11.0,31.8,perovskite
5.960000000000001,1.165,0.545,9.35,70.0,88.0,171.3,34.53333333333333,55.0,68.0,154.7,2253.5,20.0,22.0,43.15,-472374.45,-92.6665,2.1368,3.0,11.0,28.4,perovskite
22.4,1.67,0.512,3.44,28.0,32.2,152.0,42.36,36.0,27.8,128.4,1781.6,28.8,16.4,48.32000000000001,-380885.64,-109.7254,4.8186,2.666666666666667,6.0,27.2,spinel
12.86,1.632,0.512,4.100000000000001,28.0,33.2,155.4,42.52,36.0,27.8,129.6,1780.0,28.8,23.0,48.52,-450821.78,-109.7254,14.3822,3.166666666666667,6.0,26.4,spinel
25.0,1.08,0.08125,2.75,92.5,27.75,80.0,39.575,11.0,21.125,41.375,3344.5,37.0,7.0,57.35,-544961.1,-106.0585,4.5095,3.25,29.0,57.25,fluorite
25.0,1.08375,0.08125,2.75,92.5,28.5,82.75,39.575,11.0,21.125,41.375,3344.5,37.0,7.0,57.0,-544961.1,-106.0585,4.5095,3.25,29.0,58.0,fluorite
22.4,1.65,0.512,4.100000000000001,28.0,33.2,156.8,43.76000000000001,36.0,27.8,127.6,1781.6,28.8,23.0,48.56,-450821.78,-109.7254,14.3822,3.166666666666667,5.600000000000001,26.0,spinel
27.30182,1.694624,1.097216,6.943319999999999,57.861,65.1472,150.4585,41.23706,77.148,54.0036,129.5977,3814.54,20.5776,32.145,48.06676,-390043.52974,-165.4305994,3.2828417,2.547623808571619,11.56988602279544,27.57148570285943,spinel
22.4,1.65,0.512,4.100000000000001,28.0,33.2,156.8,43.76000000000001,36.0,27.8,127.6,1781.6,28.8,23.0,48.56,-450821.78,-109.7254,14.3822,3.166666666666667,5.600000000000001,26.0,spinel
20.55,1.151,0.45,10.5,77.5,103.0,170.7,31.86666666666667,3.8,74.0,90.9,3255.5,21.65,16.5,45.11666666666667,-548729.9,-96.7685,2.8769,3.55,20.0,50.1,pyrochlore
23.68,1.66,0.4400000000000001,4.100000000000001,28.0,33.2,155.4,45.00000000000001,36.0,27.8,130.0,1784.0,28.8,23.0,48.48,-450821.78,-109.7254,14.3822,3.066666666666666,5.800000000000001,26.4,spinel
12.5,1.15125,0.225,6.375,46.25,52.0,156.875,39.575,27.5,37.5,96.25,3327.5,18.5,8.25,53.175,-454912.9875,-71.733875,1.331775,3.5,18.0,53.0,fluorite
12.5,1.18625,0.225,6.375,46.25,52.0,154.625,38.8,27.5,37.5,91.5,3327.5,18.5,8.25,52.775,-454912.9875,-71.733875,1.331775,3.75,18.0,53.25,fluorite
16.7,1.23875,0.2675,6.375,46.25,52.0,146.5,39.625,27.5,37.5,88.375,3327.5,12500.0,8.25,52.1,-454912.9875,-71.733875,1.331775,3.25,18.0,52.25,fluorite
52.2704,1.683175,0.905398,8.027239999999999,63.0045,69.5383,154.1838,44.16904,84.006,56.4707,125.3868,4157.3636,19.1952,35.4692,48.36844,-300472.71637,-89.2129719,9.5857363,2.777661099443277,13.06890689068907,26.66686668666867,spinel
18.6704,1.620324,0.426752,3.41735,23.338,27.6722,150.3634,36.64621666666666,30.006,23.1713,126.0252,1484.9636,24.0048,19.1705,39.98021666666667,-558686.58164,-104.4770579,11.9875637,3.138888888888889,4.666666666666666,23.83333333333333,spinel
22.4,1.67,0.512,3.44,28.0,32.2,152.0,42.36000000000001,36.0,27.8,128.4,1781.6,28.8,16.4,48.32000000000001,-380885.64,-109.7254,4.8186,2.666666666666667,6.0,27.2,spinel
23.68,1.618,0.512,3.44,30.0,30.4,146.6,41.28000000000001,36.0,27.6,129.2,1784.0,1.44,15.2,48.32,-240601.72,-77.1958,1.71504,2.1,6.0,25.2,rock salt
29.4784,1.636681,0.673792,4.52704,35.532,40.0064,155.279,35.92088333333333,47.376,33.1632,125.2802,2344.5856,3.508,20.171,40.26305,-395370.70106,-101.5896728,12.6131894,2.8683,7.3696,25.6317,spinel
18.944,1.5463,0.462,4.305,31.5,34.86,155.08,43.698,35.7,29.19,131.49,1653.54,30.24,24.15,48.98599999999999,-473362.8689999999,-115.21167,15.10131,3.12,5.46,22.91,spinel
10.46719,1.643757,1.46674,9.20046,93.338,104.0052,150.2934,37.29863333333333,113.339,83.33749999999999,125.8745,5249.5958,6.667,54.6694,40.19456666666667,-1101074.98433,-365.7696208999999,16.0628031,2.4375,17.3342,25.6253,spinel
10.46719,1.646707,1.46674,9.20046,93.338,104.0052,150.7584,37.2728,113.339,83.33749999999999,125.7095,5249.5958,6.667,54.6694,40.22456666666667,-1101074.98433,-365.7696208999999,16.0628031,2.435,17.3342,25.7303,spinel
10.46719,1.648999,1.46674,9.20046,93.338,104.0052,151.0954,37.26273333333333,113.339,83.33749999999999,125.6253,5249.5958,6.667,54.6694,40.25236666666666,-1101074.98433,-365.7696208999999,16.0628031,2.433313337332534,17.33073385322935,25.7999400119976,spinel
10.46562,1.651937,1.46652,9.19908,93.324,103.9896,151.5809,37.22675,113.322,83.325,125.4173,5248.8084,6.665999999999999,54.6612,40.2776,-1100909.83134,-365.7147581999999,16.0603938,2.43055,17.3316,25.9163,spinel
25.0,1.1,0.142,4.6,92.5,115.5,219.3,36.93333333333334,20.0,16.2,58.5,2622.0,45.0,6.9,45.48333333333334,-1651381.45,-322.975,23.594,3.25,31.5,57.8,fluorite
22.4,1.642,0.446,4.100000000000001,28.0,33.2,154.8,43.76000000000001,36.0,27.8,128.6,1781.6,28.8,23.0,48.52,-450821.78,-109.7254,14.3822,3.066666666666666,6.0,26.6,spinel
23.68,1.618,0.512,3.44,30.0,30.4,146.6,41.28000000000001,36.0,27.6,129.2,1784.0,1.44,15.2,48.32000000000001,-240601.72,-77.1958,1.71504,2.1,6.0,25.2,rock salt
22.4,1.65,0.512,4.100000000000001,28.0,33.2,156.8,43.76000000000001,36.0,27.8,127.6,1781.6,28.8,23.0,48.56,-450821.78,-109.7254,14.3822,3.166666666666667,5.600000000000001,26.0,spinel
22.4,1.556,0.4400000000000001,4.100000000000001,30.0,33.2,155.4,43.76000000000001,36.0,27.8,128.4,1781.6,28.8,23.0,49.0,-450821.78,-109.7254,14.3822,3.066666666666666,5.600000000000001,23.0,spinel
23.68,1.538,0.4400000000000001,3.74,30.0,35.2,154.2,42.68000000000001,36.0,27.6,130.0,1784.0,8.0,16.4,48.76000000000001,-330305.98,-109.7254,4.8186,2.5,5.800000000000001,23.4,spinel
23.68,1.52,0.446,3.74,30.0,35.2,152.8,41.44000000000001,34.0,27.6,132.0,1784.0,8.0,16.4,48.72000000000001,-330305.98,-109.7254,4.8186,2.5,6.0,23.8,spinel
22.4,1.65,0.512,4.100000000000001,28.0,33.2,156.8,43.76000000000001,36.0,27.8,127.6,1781.6,28.8,23.0,48.56,-450821.78,-109.7254,14.3822,3.166666666666667,5.600000000000001,26.0,spinel
12.86,1.546,0.512,4.100000000000001,30.0,33.2,156.0,42.52,36.0,27.8,129.4,1780.0,28.8,23.0,49.0,-450821.78,-109.7254,14.3822,3.166666666666667,5.4,22.8,spinel
22.4,1.556,0.4400000000000001,4.100000000000001,30.0,33.2,155.4,43.76000000000001,36.0,27.8,128.4,1781.6,28.8,23.0,49.0,-450821.78,-109.7254,14.3822,3.066666666666666,5.600000000000001,23.0,spinel
24.0,1.37,0.22,3.1,97.5,16.6,77.7,34.91666666666666,18.0,84.5,149.5,3073.0,30.75,11.5,45.03333333333333,-1793682.4,-293.9765,10.684,3.033333333333334,28.5,41.7,perovskite
24.0,1.318,0.22,3.1,97.5,16.6,77.7,34.4,18.0,84.5,148.7,3073.0,30.75,11.5,45.25,-1793682.4,-293.9765,10.684,3.033333333333334,28.5,40.0,perovskite
24.0,1.361,0.223,3.1,97.5,16.6,77.4,34.4,18.0,84.5,148.8,3073.0,30.75,11.5,45.05,-1793682.4,-293.9765,10.684,3.033333333333334,28.5,41.8,perovskite
5.0,1.156,0.0,12.75,77.5,104.0,172.6,32.33333333333334,55.0,75.0,91.9,6655.0,17.0,15.0,45.28333333333334,-572366.15,-94.618,3.8247,3.55,36.0,65.8,pyrochlore
9.12,1.385,1.1,6.6,70.0,80.5,160.8,32.25,60.0,69.5,137.6,3735.0,72.0,1.5,39.35,-952214.1,-255.728,11.4865,3.466666666666667,12.5,38.2,perovskite
10.73,1.157,0.34,4.0,107.5,126.5,219.8,34.95,17.0,99.0,170.2,1755.0,17.0,4.4,46.06666666666666,-548095.7,-92.897,4.49925,2.766666666666667,28.0,50.50000000000001,perovskite
8.61,1.14,0.36,4.0,100.0,109.5,205.4,36.08333333333334,17.0,96.0,165.6,1331.0,6.75,4.7,44.48333333333334,-592028.7,-102.6665,3.9707,3.2,19.0,38.8,perovskite
8.61,1.14,0.36,4.0,100.0,109.5,205.4,36.08333333333334,17.0,96.0,165.6,1331.0,6.75,4.7,44.48333333333334,-592028.7,-102.6665,3.9707,3.2,19.0,38.8,multiphase
10.46719,1.652331,1.46674,9.20046,93.338,104.0052,154.3184,44.36265999999999,113.339,83.33749999999999,126.4036,5249.5958,11.9952,54.6694,48.59519999999999,-1101074.98433,-365.7696208999999,16.0628031,2.569423609027569,17.33593359335934,26.4998499849985,spinel
13.7136,1.13012,0.185705,3.64395,55.7115,60.5684,119.729,38.80388000000001,15.719,48.2833,137.1509,1901.999,17.57055,7.4282,55.40516,-1088687.53433,-170.2840568,6.1048376,3.357214278572143,16.28327167283271,51.71502849715029,fluorite
23.68,1.618,0.512,3.44,30.0,30.4,146.6,41.28000000000001,36.0,27.6,129.2,1784.0,1.44,15.2,48.32000000000001,-240601.72,-77.1958,1.71504,2.1,6.0,25.2,rock salt
12.86,1.538,0.446,4.100000000000001,30.0,33.2,154.0,42.52,34.0,27.8,130.4,1574.8,28.8,23.0,48.96,-450821.78,-109.7254,14.3822,3.066666666666666,6.0,23.4,spinel
10.46719,1.632991,1.46674,9.20046,93.338,104.0052,152.8963,36.91811666666666,113.339,83.33749999999999,126.4257,5249.5958,6.667,54.6694,40.5414,-1101074.98433,-365.7696208999999,16.0628031,2.366626674665067,17.33073385322935,25.73325334933013,spinel
14.38,1.56,0.512,7.2,29.0,38.0,165.0,43.92,46.0,29.0,132.4,2056.0,28.8,23.0,48.76000000000001,-450821.78,-109.7254,14.3822,3.766666666666667,8.4,28.8,spinel
10.0,1.086,0.13,3.98,39.0,47.6,179.6,38.92,8.8,33.8,66.2,1813.2,18.8,5.600000000000001,56.52,-762119.38,-119.2864,7.2152,3.0,14.0,59.2,others
25.0,1.083,0.065,2.75,92.5,23.8,89.80000000000001,32.38333333333333,11.0,16.9,33.1,3344.5,37.0,7.0,47.55,-544961.1,-106.0585,3.6076,3.25,29.0,58.6,fluorite
18.6704,1.356938,0.371741,2.86724,33.34,36.50729999999999,160.1987,34.92364999999999,30.006,32.0064,139.6946,1484.9636,2.25045,22.0044,40.95263333333332,-211738.10582,-36.0913835,1.42948584,2.0,6.333333333333333,22.0,spinel
25.1717,1.603304,0.426752,4.3342,23.338,30.006,163.5029,35.9997,53.34399999999999,22.8379,127.0012,3775.755,2.11709,35.007,40.11113333333333,-375759.9536299999,-91.4561209,11.9875637,3.08355,12.8359,37.66859999999999,others
23.68,1.618,0.512,3.44,30.0,30.4,146.6,41.28000000000001,36.0,27.6,129.2,1784.0,1.44,15.2,48.32,-240601.72,-77.1958,1.71504,2.1,6.0,25.2,rock salt
25.3008,1.652217,0.47616,4.155349999999999,30.4965,33.6591,156.6487,43.86272,40.662,27.3339,127.3394,2012.3172,27.2736,23.3105,48.5489,-456907.8740299999,-109.3169208,14.5763597,3.139683333333333,6.3252,26.043,spinel
10.73,1.145,0.34,4.0,107.5,126.5,221.2,34.36666666666667,11.0,99.0,172.7,1755.0,17.0,4.4,46.38333333333333,-548095.7,-92.897,4.49925,2.566666666666666,28.0,50.3,perovskite
10.73,1.157,0.34,4.0,107.5,126.5,219.8,34.95,17.0,99.0,170.2,1755.0,17.0,4.4,46.06666666666667,-548095.7,-92.897,4.49925,2.766666666666667,28.0,50.50000000000001,perovskite
10.73,1.167,0.34,4.0,107.5,126.5,220.0,34.95,20.0,99.0,170.3,1755.0,17.0,6.9,46.08333333333334,-548095.7,-92.897,4.49925,2.766666666666667,28.0,53.7,perovskite
10.73,1.179,0.34,4.0,107.5,126.5,217.1,34.95,16.0,99.0,169.0,1755.0,17.0,4.7,45.83333333333334,-548095.7,-92.897,4.49925,2.766666666666667,28.0,48.7,perovskite
10.73,1.164,0.34,4.0,107.5,126.5,219.0,34.95,23.0,99.0,171.0,1755.0,17.0,4.4,45.88333333333333,-548095.7,-92.897,4.49925,2.766666666666667,28.0,50.60000000000001,perovskite
10.73,1.174,0.34,4.0,107.5,126.5,219.3,34.95,31.0,99.0,171.1,1925.0,17.0,16.1,45.95,-548095.7,-92.897,4.49925,2.766666666666667,28.0,53.8,perovskite
10.0,1.082,0.13,2.28,39.0,49.40000000000001,139.4,37.68000000000001,8.200000000000001,33.8,66.2,1470.6,18.8,5.2,57.6,-762119.38,-119.8624,7.6494,3.100000000000001,12.4,55.0,fluorite
9.12,1.2235,0.4905,8.415,63.0,79.2,189.0,27.25,49.5,61.2,154.45,2028.15,18.0,19.8,33.34285714285715,-425137.005,-83.39985,3.6542,3.05,9.9,32.75,perovskite
22.4,1.654,0.512,4.100000000000001,28.0,33.2,154.0,42.36000000000001,36.0,27.8,128.8,1781.6,28.8,23.0,48.36,-450821.78,-107.8608,14.3822,3.066666666666666,6.0,26.8,spinel
23.68,1.688,0.512,3.44,28.0,32.2,152.6,43.60000000000001,36.0,27.8,129.8,1784.0,28.8,16.4,48.28,-380885.64,-109.7254,4.8186,2.666666666666667,5.800000000000001,27.0,rock salt
17.3264,1.66568,0.69632,4.406400000000001,38.08000000000001,43.792,154.616,43.096,48.96,37.808,129.908,2420.8,39.16800000000001,22.304,48.4528,-518004.4704,-149.226544,6.553296,2.906666666666667,7.344,26.46,spinel
22.4,1.616,0.512,4.100000000000001,28.0,33.2,149.2,43.60000000000001,36.0,27.8,126.2,1781.6,28.8,23.0,47.8,-670289.8400000001,-125.3474,14.3822,3.266666666666667,5.600000000000001,23.4,spinel
9.12,1.426,1.1,6.9,70.0,78.0,158.8,32.21666666666667,85.0,62.5,110.2,3937.0,13.0,41.0,39.35,-825764.95,-274.3135,12.0465,2.75,13.0,44.0,perovskite
9.12,1.422,1.0725,6.7275,68.25,76.05,159.05,27.55178571428572,82.875,60.9375,110.3375,3838.575,13.0,39.975,33.73214285714285,-805120.8262499999,-267.4556625,11.7453375,2.76875,12.675,43.95,perovskite
9.12,1.418,1.045,6.555,66.5,74.1,159.3,27.48928571428571,80.75,59.375,110.475,3740.15,13.0,38.95,33.73571428571429,-784476.7024999999,-260.5978249999999,11.444175,2.7875,12.35,43.9,perovskite
9.12,1.414,1.0175,6.3825,64.75,72.15,159.55,27.42678571428572,78.625,57.8125,110.6125,3641.725,13.0,37.925,33.73928571428571,-763832.57875,-253.7399875,11.1430125,2.80625,12.025,43.85,perovskite
25.0,1.079,0.065,2.75,92.5,23.8,87.8,32.38333333333333,11.0,16.9,33.1,3344.5,37.0,7.0,47.81666666666666,-544961.1,-106.0585,3.6076,3.25,29.0,57.8,fluorite
25.0,1.086,0.065,2.75,92.5,22.2,85.7,32.85,11.0,16.9,49.1,3344.5,37.0,7.0,47.41666666666666,-544961.1,-106.0585,3.6076,3.25,29.0,58.7,fluorite
10.0,1.222,0.342,5.100000000000001,37.0,42.40000000000001,148.8,40.04000000000001,22.0,32.4,115.6,2662.0,14.8,6.600000000000001,51.72000000000001,-762119.38,-125.3474,2.5426,3.5,14.4,44.4,fluorite
22.4,1.532,0.512,3.44,29.0,33.4,157.0,43.76000000000001,36.0,27.8,129.0,1781.6,28.8,16.4,47.24,-380885.64,-109.7254,4.8186,2.466666666666667,5.600000000000001,21.8,spinel
22.4,1.678,0.484,4.100000000000001,28.0,33.2,150.8,37.16,36.0,27.8,128.8,1781.6,28.8,23.0,48.04000000000001,-450821.78,-121.7122,14.3822,3.166666666666667,6.2,27.6,spinel
22.4,1.65,0.512,4.100000000000001,28.0,33.2,156.8,43.76000000000001,36.0,27.8,127.6,1781.6,28.8,23.0,48.56,-450821.78,-109.7254,14.3822,3.166666666666667,5.600000000000001,26.0,spinel
10.42946,1.568372,0.41472,3.3251,22.708,28.5472,153.4294,27.17731428571429,29.16,22.0592,128.2684,1441.8,6.488,18.653,34.34334285714286,-543605.06024,-101.6567414,11.6639642,3.2164,5.0282,24.7012,others
9.88934,1.537231,0.393728,3.1529,21.532,27.0688,158.4909,27.4533,27.684,20.9168,131.8066,1368.82,6.151999999999999,17.687,34.79175714285714,-515452.88696,-96.3921506,11.0599118,3.153846153846154,4.769230769230769,26.30769230769231,others
9.90379,1.594774,1.0153,6.3687,64.61,71.994,157.6288,28.86078571428571,78.455,57.6875,131.8011,3633.851,4.615,37.843,35.02712857142857,-762181.04885,-253.1913605,11.1189195,2.569240257359069,12.000200020002,29.69186918691869,others
19.73728,1.68367,0.426752,2.86724,23.338,26.8387,150.8635,35.67379999999999,30.006,23.1713,130.026,1486.964,24.0048,13.6694,40.17469999999999,-317468.18094,-91.4561209,4.0163031,2.555555555555555,5.0,27.5,spinel
12.74,1.416,0.512,3.24,37.0,32.2,115.2,40.96000000000001,36.0,27.8,102.6,1780.0,28.8,15.0,49.95999999999999,-670289.8400000001,-125.3474,4.5946,3.066666666666667,11.6,27.0,multiphase
23.68,1.618,0.512,3.44,30.0,30.4,146.6,41.28000000000001,36.0,27.6,129.2,1784.0,1.44,15.2,48.32000000000001,-240601.72,-77.1958,1.71504,2.1,6.0,25.2,rock salt
12.74,1.566,0.512,3.24,30.0,32.2,151.2,41.12,36.0,27.8,130.2,1780.0,28.8,16.4,48.76000000000001,-380885.64,-109.7254,4.8186,2.666666666666667,6.0,24.0,spinel
3.8,1.238,0.545,9.35,70.0,88.0,184.5,34.46666666666667,55.0,68.0,152.1,2253.5,20.0,22.0,43.06666666666666,-472374.45,-92.6665,0.89985,3.1,11.0,31.8,perovskite
22.4,1.65,0.512,4.100000000000001,28.0,33.2,156.8,43.76000000000001,36.0,27.8,127.6,1781.6,28.8,23.0,48.56,-450821.78,-109.7254,14.3822,3.166666666666667,5.600000000000001,26.0,spinel
20.54589,1.138515,0.44991,10.4979,77.4845,102.9794,187.6869,32.54013333333333,4.6322,73.9852,96.7613,3254.8489,21.64567,16.4967,45.16991666666667,-548620.15402,-96.7491463,5.7522172,3.42645,19.996,49.7458,pyrochlore
20.55,1.138524,0.45,10.5,77.5,103.0,188.04,32.60756666666666,4.5144,74.0,98.4272,3255.5,21.65,16.5,45.11906666666667,-548729.9,-96.7685,5.605934400000001,3.415516896620676,19.99600079984003,49.23975204959008,pyrochlore
20.55411,1.13811,0.45009,10.5021,77.5155,103.0206,188.3256,32.66195,4.392799999999999,74.0148,100.0762,3256.1511,21.65433,16.5033,45.04883333333333,-548839.64598,-96.7878537,5.4549328,3.4048,20.004,48.7292,pyrochlore
20.55,1.137875,0.45,10.5,77.5,103.0,188.6375,32.72291666666667,4.275,74.0,101.7125,3255.5,21.65,16.5,44.98958333333334,-548729.9,-96.7685,5.30865,3.39375,20.0,48.225,pyrochlore
20.55,1.137,0.45,10.5,77.5,103.0,189.9,32.96666666666667,3.8,74.0,108.3,3255.5,21.65,16.5,44.75,-548729.9,-96.7685,4.718800000000001,3.35,20.0,46.2,pyrochlore
23.68,1.654,0.446,3.44,28.0,31.2,142.0,43.92,36.0,27.6,126.6,1784.0,2.0,16.4,47.44,-670289.8400000001,-125.3474,4.8186,2.3,6.0,25.2,spinel
23.68,1.606,0.446,3.44,30.0,31.2,147.4,42.68000000000001,36.0,27.6,129.0,1784.0,2.0,16.4,48.48,-330305.98,-109.7254,4.8186,2.1,6.0,25.0,multiphase
10.0,1.15,0.18,5.100000000000001,37.0,45.2,170.4,38.8,22.0,32.4,92.0,2662.0,17.2,6.600000000000001,53.88,-762119.38,-119.2864,3.3772,3.5,14.4,55.4,fluorite
9.75,1.15425,0.1755,4.9725,36.075,44.07,170.54,32.33333333333333,21.45,31.59,93.1,2595.45,16.77,6.435,44.80249999999999,-743066.3955,-116.30424,3.29277,3.5125,14.04,54.565,fluorite
9.5,1.1585,0.171,4.845,35.15,42.94,170.68,32.33333333333334,20.9,30.78,94.2,2528.9,16.34,6.27,44.70500000000001,-724013.411,-113.32208,3.20834,3.525,13.68,53.73,fluorite
9.25,1.16275,0.1665,4.7175,34.225,41.81,170.82,32.33333333333334,20.35,29.97,95.3,2462.35,15.91,6.105,44.60749999999999,-704960.4265,-110.33992,3.12391,3.5375,13.32,52.895,fluorite
22.4,1.65,0.512,4.100000000000001,28.0,33.2,156.8,43.76000000000001,36.0,27.8,127.6,1781.6,28.8,23.0,48.56,-450821.78,-109.7254,14.3822,3.166666666666667,5.600000000000001,26.0,multiphase
4.800000000000001,1.223,0.545,9.35,70.0,88.0,170.0,34.46666666666667,55.0,68.0,156.0,2253.5,20.0,22.0,43.85,-472374.45,-92.6665,2.1368,3.2,11.0,36.3,perovskite
19.2,1.356,0.256,2.48,78.0,21.9,100.3,29.92857142857143,18.0,67.60000000000001,150.6,2458.4,24.6,11.5,38.42857142857143,-1434945.92,-235.1812,8.5472,2.983333333333333,22.8,39.6,perovskite
10.0,1.142,0.18,5.100000000000001,39.0,49.40000000000001,174.6,38.8,22.0,33.8,125.8,2662.0,14.0,6.600000000000001,54.8,-762119.38,-119.8624,7.6494,3.4,14.4,53.4,fluorite
12.0,1.134284,0.1625,4.25085,48.75,53.0,163.1887,38.80388,18.337,42.25,132.4266,2218.777,15.375,6.5,55.22197999999999,-952649.225,-149.006,6.3757749,3.333366663333667,14.24857514248575,52.50044995500448,fluorite
10.46405,1.648004,1.4663,9.1977,93.31,103.974,153.9323,36.91048333333333,113.305,83.3125,127.6013,5248.021,6.665,54.653,40.51103333333333,-1100744.67835,-365.6598954999999,16.0579845,2.3666,17.329,28.1344,spinel
10.46719,1.641662,1.46674,9.20046,93.338,104.0052,154.5638,37.1738,113.339,83.33749999999999,128.4934,5249.5958,9.6048,54.6694,40.57474999999999,-1101074.98433,-365.7696208999999,16.0628031,2.488885556222089,17.33073385322935,28.00059988002399,spinel
10.46719,1.638327,1.46674,9.20046,93.338,104.0052,154.7639,36.82918333333333,113.339,83.33749999999999,128.8269,5249.5958,9.6048,54.6694,40.57474999999999,-1101074.98433,-365.7696208999999,16.0628031,2.522228887555822,17.33073385322935,27.93391321735653,spinel
10.46562,1.637997,1.46652,9.19908,93.324,103.9896,155.0009,36.82213333333333,113.322,83.325,127.6674,5248.8084,9.6048,54.6612,40.58893333333333,-1100909.83134,-365.7147581999999,16.0603938,2.522283333333333,17.3316,27.8672,spinel
10.46719,1.64433,1.46674,9.20046,93.338,104.0052,155.2308,37.1738,113.339,83.33749999999999,128.1599,5249.5958,9.6048,54.6694,40.58586666666667,-1101074.98433,-365.7696208999999,16.0628031,2.522228887555822,17.33073385322935,27.8005398920216,spinel
4.56,1.1965,0.545,9.35,70.0,88.0,179.6,24.7625,55.0,68.0,154.55,2253.5,20.0,22.0,30.7375,-472374.45,-92.6665,1.8271,3.0,11.0,30.1,perovskite
4.332,1.1953,0.545,9.35,70.0,88.0,177.1075,24.7915625,55.0,68.0,154.01,2253.5,20.0,22.0,30.76625,-472374.45,-92.6665,1.735745,3.0,11.0,29.895,perovskite
15.20304,1.291925,0.3900779999999999,6.0012,32.5065,34.3402,122.0244,29.22806666666666,51.67699999999999,28.1723,125.6918,3208.975,21.671,26.8387,37.0074,-598013.7121599999,-98.0117651,6.0915514,3.916666666666666,13.83333333333333,58.99999999999999,fluorite
23.68,1.66,0.4400000000000001,4.100000000000001,28.0,33.2,155.4,45.00000000000001,36.0,27.8,130.0,1784.0,28.8,23.0,48.48,-450821.78,-109.7254,14.3822,3.066666666666666,5.800000000000001,26.4,spinel
24.0,1.35834,0.237056,3.1,97.5,15.3716,76.9644,29.51848571428571,16.668,84.5,147.9448,3073.0,30.75,10.649,38.53448571428572,-1793682.4,-293.9765,10.684,3.077166666666667,28.5,41.019,perovskite
24.0,1.35681,0.232704,3.1,97.5,15.0894,76.63459999999999,29.52601428571429,16.362,84.5,147.8632,3073.0,30.75,10.4535,38.51287142857143,-1793682.4,-293.9765,10.684,3.07575,28.5,40.9085,perovskite
24.0,1.35537,0.228608,3.1,97.5,14.8238,76.3242,29.5331,16.074,84.5,147.7864,3073.0,30.75,10.2695,38.49252857142858,-1793682.4,-293.9765,10.684,3.074416666666667,28.5,40.8045,perovskite
24.0048,1.353891,0.224512,3.10062,97.5195,14.5582,76.002,29.53974285714286,15.786,84.51689999999999,147.7147,3073.6146,30.75615,10.0855,38.47322857142858,-1794041.13648,-294.0352953,10.6861368,3.073083333333333,28.5057,40.7049,perovskite
22.4,1.644,0.512,3.44,28.0,31.2,143.4,42.68000000000001,36.0,26.2,124.2,1781.6,2.0,16.4,47.52,-670289.8400000001,-125.3474,4.8186,2.4,6.0,24.8,spinel
23.68,1.618,0.512,3.44,30.0,30.4,146.6,41.28000000000001,36.0,27.6,129.2,1784.0,1.44,15.2,48.32000000000001,-240601.72,-77.1958,1.71504,2.1,6.0,25.2,rock salt
22.4,1.65,0.512,4.100000000000001,28.0,33.2,156.8,43.76000000000001,36.0,27.8,127.6,1781.6,28.8,23.0,48.56,-450821.78,-109.7254,14.3822,3.166666666666667,5.600000000000001,26.0,spinel
9.12,1.224,0.545,9.35,70.0,88.0,170.9,31.05,55.0,68.0,154.3,2253.5,20.0,22.0,39.23333333333333,-472374.45,-92.6665,3.6542,3.0,11.0,33.59999999999999,perovskite
23.68,1.588,0.512,3.24,30.0,32.2,149.0,40.96,36.0,27.8,132.8,1784.0,28.8,15.0,48.52,-380885.64,-102.2912,4.5946,2.566666666666666,6.0,24.6,rock salt
22.4,1.576,0.512,3.74,28.0,35.2,150.2,42.68000000000001,36.0,27.2,125.2,1781.6,8.0,16.4,47.8,-670289.8400000001,-125.3474,4.8186,2.8,5.600000000000001,23.2,spinel
25.0,1.083,0.0,2.75,92.5,23.8,90.5,31.86666666666667,11.0,16.9,16.9,3344.5,37.0,7.0,48.0,-544961.1,-106.0585,3.1819,3.25,29.0,59.9,fluorite
25.0,1.079,0.0,2.75,92.5,23.8,89.9,32.38333333333333,11.0,16.9,16.9,3344.5,37.0,7.0,47.88333333333333,-544961.1,-106.0585,3.6076,3.25,29.0,60.3,fluorite
25.0,1.078,0.0,2.75,92.5,23.8,89.4,32.38333333333333,11.0,16.9,16.9,3344.5,37.0,7.0,47.91666666666666,-544961.1,-106.0585,3.6076,3.25,29.0,60.5,fluorite
25.0,1.082,0.0,2.75,92.5,23.3,88.9,32.85,11.0,16.9,16.9,3344.5,37.0,7.0,47.78333333333334,-544961.1,-106.0585,3.6076,3.25,29.0,60.7,fluorite
25.0,1.082,0.0,2.75,92.5,23.8,92.1,32.38333333333333,11.0,16.9,16.9,3344.5,37.0,7.0,47.65,-544961.1,-106.0585,3.6076,3.25,29.0,60.9,fluorite
12.5,1.34,0.256,2.05,50.0,61.75,194.9,30.59285714285715,18.0,48.0,111.8,1660.0,17.5,11.5,37.91428571428571,-904814.35,-149.828,9.56175,2.833333333333333,14.75,37.25,perovskite
23.68,1.618,0.512,3.44,30.0,30.4,146.6,41.28000000000001,36.0,27.6,129.2,1784.0,1.44,15.2,48.32000000000001,-240601.72,-77.1958,1.71504,2.1,6.0,25.2,rock salt
23.68,1.7,0.512,3.44,28.0,31.2,148.8,42.68000000000001,36.0,27.6,128.2,1784.0,2.0,16.4,48.04000000000001,-330305.98,-109.7254,4.8186,2.2,6.0,28.0,rock salt
23.68,1.614,0.512,3.44,30.0,31.2,149.4,42.68000000000001,36.0,27.6,128.0,1784.0,2.0,16.4,48.52,-330305.98,-109.7254,4.8186,2.2,5.800000000000001,24.4,rock salt
22.4,1.596,0.512,3.44,30.0,31.2,148.8,41.44000000000001,36.0,26.2,126.6,1781.6,2.0,16.4,48.56,-330305.98,-109.7254,4.8186,2.2,6.0,24.6,rock salt
23.68,1.596,0.512,3.24,30.0,31.2,148.0,41.44000000000001,36.0,27.6,130.0,1784.0,2.0,16.4,48.48,-330305.98,-109.7254,4.8186,2.2,6.0,24.8,rock salt
23.68,1.606,0.446,3.44,30.0,31.2,147.4,42.68000000000001,36.0,27.6,129.0,1784.0,2.0,16.4,48.48,-330305.98,-109.7254,4.8186,2.1,6.0,25.0,rock salt
23.68,1.65,0.512,4.100000000000001,28.0,33.2,156.0,43.76000000000001,36.0,27.8,131.0,1784.0,28.8,23.0,48.48,-450821.78,-109.7254,14.3822,3.166666666666667,5.800000000000001,26.2,spinel
19.73728,1.593652,0.426752,2.86724,25.005,25.3384,141.8617,34.92364999999999,30.006,23.0046,127.3588,1486.964,1.20024,12.6692,39.81351666666666,-558686.58164,-104.4770579,1.42948584,2.25,5.0,23.16666666666666,multiphase
6.0,1.17,0.545,9.35,70.0,88.0,171.25,41.225,55.0,68.0,159.625,2253.5,20.0,22.0,53.275,-472374.45,-92.6665,2.671,3.125,11.0,32.375,perovskite
6.25,1.17,0.545,9.35,70.0,88.0,171.25,41.225,55.0,68.0,138.5,2253.5,20.0,22.0,53.025,-472374.45,-92.6665,1.1248125,3.1875,11.0,32.5,perovskite
10.0,1.104,0.18,4.2,39.0,47.6,130.0,37.68000000000001,7.600000000000001,33.8,63.40000000000001,1470.6,18.8,6.600000000000001,56.8,-729444.5800000001,-118.1672,5.7538,3.3,12.4,55.4,fluorite
22.496,1.5891,0.4864,3.268,28.5,28.88,148.97,34.555,34.2,26.22,131.44,1694.8,1.368,14.44,40.43666666666666,-228571.634,-73.33601,1.629288,2.095,5.7,24.94,rock salt
21.312,1.5602,0.4608,3.096,27.0,27.36,151.34,34.71,32.4,24.84,133.68,1605.6,1.296,13.68,40.60666666666666,-216541.548,-69.47622,1.543536,2.09,5.399999999999999,24.68,rock salt
31.85,1.394,1.28,8.1,67.5,76.0,164.9,31.86666666666667,90.0,63.0,96.1,4450.0,13.1,37.5,43.9,-455020.45,-192.9895,2.8769,2.75,13.5,41.7,perovskite
5.0,1.182,0.545,9.35,70.0,88.0,177.4,32.96666666666667,55.0,68.0,104.1,2253.5,20.0,22.0,44.61666666666667,-472374.45,-92.6665,4.718800000000001,3.35,11.0,39.0,perovskite
10.0,1.11,0.18,4.2,37.0,47.6,172.4,37.68000000000001,8.200000000000001,32.4,62.0,1470.6,18.8,6.600000000000001,55.88,-762119.38,-119.2048,5.7538,3.3,12.4,51.8,fluorite
22.4,1.632,0.512,3.44,28.0,32.2,147.2,43.60000000000001,36.0,27.8,125.8,1781.6,28.8,16.4,47.76000000000001,-670289.8400000001,-125.3474,4.8186,2.866666666666667,5.600000000000001,23.8,spinel
8.0016,1.228214,0.545,9.35,70.0,88.0,155.3064,33.67678333333333,55.0,68.0,154.0658,2253.5,20.0,22.0,43.8845,-598013.7121599999,-98.0117651,3.562045599999999,3.166816681668167,11.001100110011,32.5003500350035,perovskite
22.4,1.65,0.512,4.100000000000001,28.0,33.2,156.8,43.76000000000001,36.0,27.8,127.6,1781.6,28.8,23.0,48.56,-450821.78,-109.7254,14.3822,3.166666666666667,5.600000000000001,26.0,spinel
10.0,1.072,0.13,3.98,37.0,47.6,225.8,40.32000000000001,8.8,32.4,32.4,1813.2,18.8,5.600000000000001,55.92,-762119.38,-129.19,9.437600000000002,2.9,14.0,60.40000000000001,others
20.55,1.151375,0.45,10.5,77.5,103.0,196.0625,32.7,4.649999999999999,74.0,102.9625,3255.5,21.65,16.5,44.46041666666667,-548729.9,-96.7685,5.4114,3.5,20.0,49.925,pyrochlore
20.55,1.154625,0.45,10.5,77.5,103.0,190.9375,32.06666666666666,4.6125,74.0,111.2375,3255.5,21.65,16.5,44.63958333333333,-548729.9,-96.7685,3.2365125,3.5,20.0,48.475,pyrochlore
20.55,1.15625,0.45,10.5,77.5,103.0,188.375,31.75,5.125,74.0,115.375,3255.5,21.65,16.5,44.72916666666666,-548729.9,-96.7685,3.596125,3.5,20.0,47.75,pyrochlore
20.55,1.15625,0.45,10.5,77.5,103.0,188.375,38.1,5.125,74.0,115.375,3255.5,21.65,16.5,53.675,-548729.9,-96.7685,3.596125,3.5,20.0,47.75,pyrochlore
10.0,1.118,0.18,4.2,39.0,46.6,133.0,38.8,8.0,33.8,63.40000000000001,1759.0,26.2,6.600000000000001,56.0,-752270.86,-119.7178,6.6946,3.3,13.4,57.2,fluorite
5.960000000000001,1.165,0.545,9.35,70.0,88.0,171.3,34.53333333333334,55.0,68.0,154.7,2253.5,20.0,22.0,43.15,-472374.45,-92.6665,2.1368,3.0,11.0,28.4,perovskite
20.3616,1.659095,0.465664,3.7269,25.452,30.1788,155.7269,36.56018333333333,32.742,25.2702,128.5452,1619.4744,26.1792,20.907,40.3939,-409796.9980199999,-99.7403886,13.0734198,3.06055,5.0904,26.2728,spinel
19.7136,1.66665,0.426752,3.41735,23.338,27.6722,154.8353,36.63871666666666,30.006,23.1713,129.3316,1485.18,24.0048,19.1705,40.33346666666666,-375759.9536299999,-91.4561209,11.9875637,2.972416666666667,4.8285,26.4995,spinel
10.0,1.086,0.0,3.98,39.0,47.6,179.6,37.68000000000001,8.8,33.8,33.8,1813.2,18.8,5.600000000000001,57.6,-759138.6200000001,-123.0282,6.3638,3.0,13.6,62.6,others
10.0,1.094,0.0,3.98,39.0,47.6,185.0,37.68000000000001,8.8,33.8,33.8,1813.2,26.2,5.600000000000001,56.96,-759138.6200000001,-123.0282,6.3638,3.0,13.6,63.40000000000001,others
10.0,1.094,0.13,3.98,39.0,47.6,180.8,37.68000000000001,8.8,33.8,66.2,1813.2,18.8,5.600000000000001,56.8,-762119.38,-123.0282,6.3638,3.0,13.6,58.40000000000001,others
20.55,1.163,0.45,10.5,77.5,103.0,214.0,32.85,4.800000000000001,74.0,106.2,3255.5,21.65,16.5,43.83333333333334,-548729.9,-96.7685,3.6076,3.5,20.0,51.2,fluorite
22.4,1.65,0.512,4.100000000000001,28.0,33.2,156.8,43.76000000000001,36.0,27.8,127.6,1781.6,28.8,23.0,48.56,-450821.78,-109.7254,14.3822,3.166666666666667,5.600000000000001,26.0,spinel
22.4,1.67,0.512,3.44,28.0,32.2,152.0,42.36000000000001,36.0,27.8,128.4,1781.6,28.8,16.4,48.32000000000001,-380885.64,-109.7254,4.8186,2.666666666666667,6.0,27.2,spinel
20.55,1.154,0.45,10.5,77.5,103.0,191.9,31.86666666666667,4.100000000000001,74.0,107.1,3255.5,21.65,16.5,44.9,-548729.9,-96.7685,2.8769,3.5,20.0,48.2,pyrochlore
31.85,1.3625,1.28,8.1,67.5,76.0,185.45,28.76428571428572,90.0,63.0,120.95,4450.0,8.5,37.5,38.32857142857143,-455020.45,-192.9895,2.249625,2.5,14.0,42.6,perovskite
12.0,1.15375,0.1625,3.1875,48.75,53.0,126.75,32.33333333333334,13.75,42.25,137.0,1663.75,15.375,6.5,45.52083333333334,-952649.225,-149.006,5.342,3.4375,14.25,48.0,pyrochlore
22.4,1.65,0.512,4.100000000000001,28.0,33.2,156.8,43.76000000000001,36.0,27.8,127.6,1781.6,28.8,23.0,48.56,-450821.78,-109.7254,14.3822,3.166666666666667,5.600000000000001,26.0,spinel
10.73,1.21,0.36,4.0,100.0,109.5,197.2,34.03333333333334,11.0,96.0,166.6,1331.0,6.75,4.4,44.20000000000001,-592028.7,-102.6665,3.9707,2.466666666666666,19.0,40.40000000000001,perovskite
9.657,1.2045,0.36,4.0,100.0,109.5,197.23,34.12166666666667,15.4,96.0,166.34,1315.0,6.75,6.16,44.19666666666667,-592028.7,-102.6665,3.9707,2.52,19.0,39.35999999999999,perovskite
23.68,1.618,0.512,3.44,30.0,30.4,146.6,41.28000000000001,36.0,27.6,129.2,1784.0,1.44,15.2,48.32,-240601.72,-77.1958,1.71504,2.1,6.0,25.2,rock salt
24.0,1.365,0.256,3.1,97.5,16.6,78.4,34.40000000000001,18.0,84.5,148.3,3073.0,30.75,11.5,45.06666666666666,-1793682.4,-293.9765,10.684,3.083333333333334,28.5,41.5,perovskite
24.0,1.308376,0.213248,3.1,97.5,13.9111,79.2481,29.60727142857143,15.03,84.5,148.8318,3073.0,30.75,9.5795,38.26197142857143,-1793682.4,-293.9765,10.684,2.902616666666666,28.5,39.5845,perovskite
24.0,1.311629,0.213504,3.1,97.5,15.846,81.16839999999999,29.60688571428572,15.012,84.5,150.5016,3073.0,30.75,9.5795,38.71431428571429,-1793682.4,-293.9765,10.684,2.902566666666667,28.5,40.2491,perovskite
22.4,1.65,0.512,4.100000000000001,28.0,33.2,156.8,43.76000000000001,36.0,27.8,127.6,1781.6,28.8,23.0,48.56,-450821.78,-109.7254,14.3822,3.166666666666667,5.600000000000001,26.0,spinel
21.525,1.184,0.355,9.0,36.25,50.0,213.5,30.25714285714286,50.0,34.5,68.75,4162.5,9.4,17.25,38.37857142857143,-1022977.7,-226.1765,5.6205,4.0,18.25,61.8,others
21.525,1.188114,0.355,9.0,36.25,50.0,212.5381,26.4638875,50.0,34.5,82.078,4162.5,7.8302,17.25,33.3888875,-1022977.7,-226.1765,5.6205,4.000200040008002,18.25365073014603,62.16563312662532,others
21.525,1.189066,0.355,9.0,36.25,50.0,213.026,23.51948888888889,50.0,34.5,80.174,4162.5,9.3534,17.25,29.68826666666667,-1022977.7,-226.1765,5.6205,4.000200040008002,18.25365073014603,61.92758551710342,others
21.525,1.19,0.355,9.0,36.25,50.0,212.75,21.16875,50.0,34.5,78.75,4162.5,8.1875,17.25,26.7375,-1022977.7,-226.1765,5.6205,4.0,18.25,62.0625,others
13.69863,1.139776,0.29997,6.9993,51.6615,68.65979999999999,183.4311,32.32686666666667,6.398400000000001,49.32839999999999,114.7787,2170.1163,14.43189,10.9989,45.41296666666667,-507952.56677,-79.8457669,4.4619509,3.333366673334667,13.33466693338668,52.53270654130827,fluorite
17.22,1.266,0.284,7.2,31.0,41.6,197.6,41.60000000000001,40.0,30.0,141.8,3330.0,8.66,13.8,50.56000000000001,-818382.16,-180.9412,4.4964,4.4,14.6,49.6,multiphase
21.46,1.29,0.298,4.2,37.0,42.40000000000001,147.8,36.68000000000001,22.0,32.4,117.4,1462.0,14.8,8.8,52.12,-762119.38,-119.2048,2.5426,3.033333333333333,11.6,41.8,multiphase
21.46,1.2865,0.298,4.2,37.0,41.2,146.9,30.825,22.0,29.6,118.0,1462.0,14.8,8.8,43.325,-571589.5349999999,-89.4036,1.90695,2.983333333333333,11.6,40.85,multiphase
21.46,1.28475,0.298,4.2,37.0,41.2,146.45,30.95416666666667,22.0,29.6,118.3,1462.0,14.8,8.8,43.27083333333334,-476324.6125,-74.503,1.589125,2.958333333333333,11.6,40.375,fluorite
21.46,1.276,0.298,4.2,37.0,41.2,144.2,37.92,22.0,34.8,119.8,1462.0,14.8,8.8,51.6,-254034.92,-42.5392,1.06542,2.833333333333333,11.6,38.0,fluorite
23.68,1.688,0.512,3.44,28.0,32.2,152.6,43.60000000000001,36.0,27.8,129.8,1784.0,28.8,16.4,48.28,-380885.64,-109.7254,4.8186,2.666666666666667,5.800000000000001,27.0,spinel
20.55,1.16,0.45,10.5,77.5,103.0,214.5,32.85,4.5,74.0,90.2,3255.5,21.65,16.5,44.11666666666667,-548729.9,-96.7685,3.7493,3.5,20.0,51.0,fluorite
28.33475,1.366561,1.140057,7.133689999999999,83.33749999999999,78.6706,130.8164,42.92966,50.6692,78.6706,116.9886,1800.09,6.1642,17.3342,47.79438,-2234411.18164,-417.8455579,1.0589929,3.208270827082708,8.667966796679668,26.07940794079408,multiphase
28.33475,1.36073,1.140057,7.133689999999999,83.33749999999999,78.6706,129.317,43.44611999999999,50.6692,78.6706,117.9882,1800.09,6.1642,17.3342,47.5778,-2234411.18164,-417.8455579,0.44374743,3.124962496249625,8.667966796679668,24.4965496549655,multiphase
28.33475,1.366561,1.140057,7.133689999999999,83.33749999999999,78.6706,132.5657,42.92966,50.6692,78.6706,103.494,1800.09,10.9123,17.3342,47.86102,-2234411.18164,-417.8455579,0.44374743,3.208270827082708,8.667966796679668,28.16211621162116,multiphase
8.334999999999999,1.105003,0.15003,3.5007,32.5065,39.6746,143.6536,31.5554,6.8306,28.1723,79.83309999999999,1225.7451,15.6698,5.501099999999999,47.08324999999999,-634845.44354,-99.2975984,4.7957923,3.25005,10.3354,52.6673,fluorite
8.61,1.158,0.34,4.0,107.5,126.5,219.8,37.51666666666667,20.0,99.0,152.1,1755.0,17.0,6.9,46.38333333333333,-548095.7,-92.897,4.49925,3.0,28.0,51.7,perovskite
23.68,1.618,0.512,3.44,30.0,30.4,146.6,41.28000000000001,36.0,27.6,129.2,1784.0,1.44,15.2,48.32,-240601.72,-77.1958,1.71504,2.1,6.0,25.2,rock salt
24.0,1.365,0.256,3.1,97.5,16.6,78.4,34.40000000000001,18.0,84.5,148.3,3073.0,30.75,11.5,45.06666666666666,-1793682.4,-293.9765,10.684,3.083333333333334,28.5,41.5,perovskite
13.28534,1.581977,1.86164,11.67756,118.468,132.0072,163.5397,37.19645,143.854,105.775,131.4652,6662.9788,8.462,69.38839999999999,41.38678333333333,-1397524.60138,-464.2481673999999,20.3874966,2.544754475447545,22.00340034003401,28.74887488748875,others
12.07644,1.575936,1.69224,10.61496,107.688,119.9952,163.6674,36.23264999999999,130.764,96.15,132.3587,6056.6808,7.692,63.0744,41.36275,-1270356.79908,-422.0038883999999,18.5323356,2.628370496283705,19.997200279972,29.19218078192181,others
10.86911,1.569436,1.52306,9.55374,96.922,107.9988,163.7478,35.26243333333333,117.691,86.53750000000001,133.2102,5451.1702,8.3088,56.7686,41.32668333333334,-1143354.14977,-379.8144721,16.6795839,2.711583333333333,17.9998,29.6341,others
9.661779999999998,1.562936,1.35388,8.492519999999999,86.15599999999999,96.0024,163.8282,34.29221666666666,104.618,76.925,134.0617,4845.6596,11.0736,50.46279999999999,41.29061666666666,-1016351.50046,-337.6250557999999,14.8268322,2.794812814614795,16.00200020002,30.07610761076108,others
8.45445,1.557059,1.1847,7.4313,75.39,84.006,163.9715,33.33223333333333,91.545,67.3125,134.9677,4240.148999999999,13.8528,44.157,41.27065,-889348.8511499999,-295.4356395,12.9740805,2.878340998466973,13.99820035992801,30.51869626074785,others
7.24555,1.550395,1.0153,6.3687,64.61,71.994,164.0363,32.3582,78.455,57.6875,135.8067,3633.851,16.6176,37.843,41.23051666666667,-762181.04885,-253.1913605,11.1189195,2.961616666666667,11.999,30.96120000000001,others
6.03822,1.543895,0.8461200000000001,5.30748,53.844,59.9976,164.1167,31.38798333333333,65.382,48.075,136.6582,3028.3404,19.3824,31.5372,41.19445,-635178.39954,-211.0019442,9.2661678,3.044871153782045,10.000600060006,31.4033403340334,others
28.0,1.5775,0.64,5.25,38.75,51.5,165.75,42.1,45.0,37.0,130.0,2227.0,10.825,20.5,48.8,-412882.475,-137.15675,6.02325,2.75,10.0,30.25,spinel
23.68,1.596,0.512,3.24,30.0,31.2,148.0,41.44,36.0,27.6,130.0,1784.0,2.0,16.4,48.48,-330305.98,-109.7254,4.8186,2.2,6.0,24.8,rock salt
23.68,1.618,0.512,3.44,30.0,30.4,146.6,41.28000000000001,36.0,27.6,129.2,1784.0,1.44,15.2,48.32,-240601.72,-77.1958,1.71504,2.1,6.0,25.2,rock salt
20.55,1.15955,0.45,10.5,77.5,103.0,204.92,33.10833333333333,7.199999999999999,74.0,103.915,3255.5,21.65,16.5,43.95083333333333,-563456.9099999999,-96.7685,5.4114,3.5,20.0,54.215,fluorite
20.55,1.156,0.45,10.5,77.5,103.0,189.7,32.85,4.800000000000001,74.0,106.9,3255.5,21.65,16.5,44.5,-548729.9,-96.7685,3.7493,3.5,20.0,52.7,multiphase
10.46719,1.628989,1.46674,9.20046,93.338,104.0052,154.1636,37.1738,113.339,83.33749999999999,126.9593,5249.5958,9.6048,54.6694,40.6081,-1101074.98433,-365.7696208999999,16.0628031,2.522228887555822,17.33073385322935,25.3998200359928,spinel
4.56,1.199,0.545,9.35,70.0,88.0,166.45,21.81666666666667,55.0,68.0,144.55,2253.5,20.0,22.0,27.07222222222222,-472374.45,-92.6665,1.8271,3.025,11.0,28.35,perovskite
18.6704,1.626828,0.73326,4.59954,46.662,51.9948,149.5143,44.37096,56.66099999999999,41.6625,123.6789,2624.4042,3.333,27.3306,47.93803999999999,-558686.58164,-182.8573791,11.9875637,2.833366663333666,8.664933506649335,23.999800019998,spinel
10.0,1.186,0.218,5.100000000000001,39.0,41.6,118.0,38.8,22.0,33.8,120.6,2662.0,14.8,8.8,53.48,-717472.96,-117.5906,4.2736,3.7,14.4,49.8,fluorite
18.6704,1.620324,0.426752,3.41735,23.338,27.6722,150.3634,36.64621666666666,30.006,23.1713,126.0252,1484.9636,24.0048,19.1705,39.98021666666666,-558686.58164,-104.4770579,11.9875637,3.138888888888889,4.666666666666666,23.83333333333333,spinel
7.75,1.13675,0.0,9.0,36.25,50.0,197.175,25.915625,50.0,34.5,51.40000000000001,4162.5,16.375,17.25,34.721875,-1022977.7,-226.1765,5.6205,3.45,18.25,65.8,pyrochlore
5.0,1.208,0.545,9.35,70.0,88.0,201.4,32.85,55.0,68.0,68.0,2253.5,20.0,22.0,43.83333333333334,-472374.45,-92.6665,3.6076,3.5,11.0,44.3,pyrochlore
20.55,1.14,0.45,10.5,77.5,103.0,195.2,32.45,3.8,74.0,90.9,3255.5,21.65,16.5,45.25,-548729.9,-96.7685,4.718800000000001,3.45,20.0,50.1,pyrochlore
23.68,1.65,0.512,4.100000000000001,28.0,33.2,156.0,43.76000000000001,36.0,27.8,131.0,1784.0,28.8,23.0,48.48,-450821.78,-109.7254,14.3822,3.166666666666667,5.800000000000001,26.2,spinel
23.68,1.688,0.512,3.44,28.0,32.2,152.6,43.60000000000001,36.0,27.8,129.8,1784.0,28.8,16.4,48.28,-380885.64,-109.7254,4.8186,2.666666666666667,5.800000000000001,27.0,others
22.4,1.642,0.446,4.100000000000001,28.0,33.2,154.8,43.76000000000001,36.0,27.8,128.6,1781.6,28.8,23.0,48.52,-450821.78,-109.7254,14.3822,3.066666666666666,6.0,26.6,spinel
22.4,1.574,0.4400000000000001,4.100000000000001,28.0,35.2,161.6,43.76000000000001,36.0,27.8,129.6,1781.6,28.8,23.0,48.8,-450821.78,-109.7254,14.3822,3.466666666666667,5.600000000000001,25.0,spinel
22.4,1.556,0.4400000000000001,5.36,29.0,39.6,166.0,45.16000000000001,36.0,27.8,129.8,1781.6,28.8,23.0,49.2,-759807.56,-179.2666,14.3822,3.666666666666667,8.200000000000001,28.8,spinel
22.4,1.674,0.492,4.100000000000001,29.0,33.2,153.0,42.64000000000001,36.0,27.8,130.0,1781.6,28.8,23.0,48.84,-450821.78,-115.2178,14.3822,3.0,10.2,30.8,spinel
22.4,1.644,0.468,4.100000000000001,32.0,33.2,155.0,36.48,36.0,29.2,131.6,1956.0,28.8,23.0,38.96,-450821.78,-109.7254,14.3822,3.266666666666667,16.6,37.2,spinel
22.4,1.59,0.4400000000000001,7.0,28.0,38.6,165.0,45.16000000000001,62.0,29.2,131.6,3850.0,28.8,32.2,48.92,-450821.78,-109.7254,14.3822,3.666666666666667,14.8,35.40000000000001,spinel
22.4,1.554,0.4400000000000001,4.2,31.0,41.2,167.6,43.76000000000001,36.0,29.6,132.0,1781.6,28.8,23.0,49.04000000000001,-450821.78,-109.7254,14.3822,3.466666666666667,8.0,28.6,spinel
12.4432,1.325423,0.284416,1.91092,21.6645,27.4417,140.6526,22.40516666666667,19.998,18.7759,73.2149,989.6788,10.4434,9.1102,29.73776666666667,-405206.46419,-69.63048069999999,4.2492417,2.833333333333334,6.888888888888889,43.33333333333334,fluorite
14.93689,1.638321,0.491264,4.76215,32.522,38.5618,157.7317,43.8138,37.774,30.8858,128.2296,1749.6028,31.9968,26.7145,48.62746,-523629.49747,-125.2803192,16.7049253,3.306397306397306,5.777777777777779,25.76767676767677,spinel
10.0,1.098,0.13,3.98,39.0,46.6,134.2,38.8,8.8,33.8,66.2,1813.2,26.2,5.600000000000001,56.76000000000001,-762119.38,-119.2864,4.2736,3.100000000000001,13.6,57.2,fluorite
7.59696,1.262511,0.545,9.35,70.0,88.0,184.0856,27.48912857142857,55.0,68.0,152.2508,2253.5,20.0,22.0,33.68008571428572,-472374.45,-92.6665,3.0439486,3.0834,11.0,35.1708,perovskite
19.86468,1.400689,0.8800000000000001,5.28,56.0,64.4,158.398,36.88864999999999,48.0,55.6,132.9327,2988.0,57.6,5.461200000000001,38.65558333333333,-761771.28,-204.5824,9.1892,2.733383333333333,10.0,17.2671,multiphase
25.01136,1.338961,0.29876,2.33576,85.266,90.003,172.6002,37.11418333333334,24.444,72.9498,140.7378,1209.7064,19.5552,11.1356,41.0483,-395999.74692,-123.5224857,3.2718294,2.04721194547212,5.21017898210179,18.89451054894511,others
22.4,1.662,0.512,4.100000000000001,28.0,33.2,153.0,42.84,36.0,26.2,126.0,1781.6,2.54,23.0,48.32000000000001,-450821.78,-109.7254,14.3822,2.7,6.0,27.0,spinel
12.86,1.594,0.512,4.100000000000001,28.0,33.2,150.6,43.76000000000001,36.0,27.8,127.0,1780.0,28.8,23.0,47.96,-670289.8400000001,-125.3474,14.3822,3.366666666666667,5.4,23.0,spinel
10.46719,1.65767,1.46674,9.20046,93.338,104.0052,153.9635,37.1738,113.339,83.33749999999999,127.026,5249.5958,9.6048,54.6694,40.47469999999999,-1101074.98433,-365.7696208999999,16.0628031,2.522228887555822,17.33073385322935,26.6001799640072,spinel
4.800000000000001,1.319,1.1,6.6,70.0,80.5,168.3,35.86666666666667,60.0,69.5,159.0,3735.0,72.0,2.6,44.11666666666667,-952214.1,-255.728,11.4865,3.366666666666666,12.5,33.5,perovskite
5.0,1.318,1.1,6.6,70.0,80.5,188.9,35.86666666666667,60.0,69.5,142.1,3735.0,72.0,2.6,44.06666666666666,-952214.1,-255.728,11.4865,3.366666666666666,12.5,33.8,perovskite
5.0,1.321,1.1,6.6,70.0,80.5,190.9,35.86666666666667,60.0,69.5,142.1,3735.0,72.0,2.6,43.86666666666667,-952214.1,-255.728,11.4865,3.366666666666666,12.5,34.5,perovskite
3.3,1.325,1.1,6.6,70.0,80.5,190.0,35.86666666666667,60.0,69.5,158.1,3735.0,72.0,2.7,43.53333333333333,-952214.1,-255.728,11.4865,3.366666666666666,12.5,34.90000000000001,perovskite
12.86,1.546,0.512,4.100000000000001,30.0,33.2,156.0,42.52,36.0,27.8,129.4,1780.0,28.8,23.0,49.0,-450821.78,-109.7254,14.3822,3.166666666666667,5.4,22.8,spinel
10.71881,1.45029,0.426752,3.41735,25.005,27.8389,157.8649,35.89606666666666,30.006,23.1713,130.1927,1483.63,24.0048,19.1705,39.92464999999999,-375759.9536299999,-91.4561209,11.9875637,2.805555555555555,4.5,19.5,spinel
18.6704,1.536974,0.426752,3.41735,24.1715,27.8389,158.5317,36.75735,30.006,23.1713,128.6924,1484.9636,24.0048,19.1705,39.61903333333333,-375759.9536299999,-91.4561209,11.9875637,2.805555555555555,4.666666666666666,22.16666666666666,spinel
21.46,1.272,0.298,5.100000000000001,37.0,45.2,157.0,36.68000000000001,22.0,30.0,87.80000000000001,2662.0,17.2,6.600000000000001,52.56,-759138.6200000001,-119.2864,3.3772,3.033333333333333,14.4,57.6,fluorite
10.46719,1.632991,1.46674,9.20046,93.338,104.0052,152.8963,36.91811666666666,113.339,83.33749999999999,126.4257,5249.5958,6.667,54.6694,40.5414,-1101074.98433,-365.7696208999999,16.0628031,2.366626674665067,17.33073385322935,25.73325334933013,spinel
22.4,1.642,0.446,4.100000000000001,28.0,33.2,154.8,43.76000000000001,36.0,27.8,128.6,1781.6,28.8,23.0,48.52,-450821.78,-109.7254,14.3822,3.066666666666666,6.0,26.6,spinel
22.4,1.624,0.512,4.100000000000001,28.0,33.2,148.2,44.08,36.0,25.4,123.4,1781.6,2.54,23.0,47.76000000000001,-670289.8400000001,-125.3474,14.3822,2.9,5.600000000000001,23.6,spinel
22.4,1.669196,0.494848,3.44,28.938,33.2787,152.1541,42.43772,36.0,28.7313,128.4469,1781.6,29.7648,16.9494,48.3334,-393645.30894,-113.4012009,4.980023099999999,2.6823,5.799,27.1598,spinel
22.4,1.67,0.512,3.44,28.0,32.2,152.0,42.36000000000001,36.0,27.8,128.4,1781.6,28.8,16.4,48.32000000000001,-380885.64,-109.7254,4.8186,2.666666666666667,6.0,27.2,spinel
10.46719,1.62151,1.46674,9.20046,93.338,104.0052,152.6524,43.97948,113.339,83.33749999999999,127.07,5249.5958,6.667,54.6694,48.66184,-1101074.98433,-365.7696208999999,16.0628031,2.375037503750375,17.33593359335934,25.5001500150015,spinel
22.4,1.67,0.512,3.44,28.0,32.2,152.0,42.36000000000001,36.0,27.8,128.4,1781.6,28.8,16.4,48.32000000000001,-380885.64,-109.7254,4.8186,2.666666666666667,6.0,27.2,spinel
24.0,1.294,0.22,3.1,97.5,17.6,78.30000000000001,33.81666666666667,17.0,84.5,151.3,3073.0,30.75,8.200000000000001,45.23333333333334,-1793682.4,-293.9765,10.684,2.983333333333333,28.5,39.90000000000001,perovskite
53.65,1.404,0.745,3.5,72.5,72.5,137.1,27.91666666666667,29.0,70.5,103.6,3655.0,9.26,9.0,44.11666666666667,-381059.69,-103.621,3.1819,1.883333333333334,25.0,53.0,pyrochlore
23.68,1.584,0.512,3.24,30.0,32.2,151.8,42.36000000000001,36.0,27.8,131.6,1784.0,28.8,16.4,48.72000000000001,-380885.64,-109.7254,4.8186,2.666666666666667,5.800000000000001,23.8,spinel
7.85,1.368376,1.1,6.9,70.0,78.0,175.5621,12.52027058823529,85.0,62.5,82.3755,3937.0,5.0,41.0,15.46544705882353,-825764.95,-274.3135,12.0465,2.750199840127898,12.98960831334932,42.98231414868106,perovskite
19.73728,1.51663,0.42624,2.86724,30.006,31.673,153.8337,35.02831666666666,30.006,25.6718,133.3348,1486.964,1.20024,12.6692,40.5001,-200541.53362,-64.2655035,1.42948584,1.91655,5.000999999999999,22.8325,rock salt
21.5376,1.64307,0.492288,3.94215,26.922,31.9218,155.3062,36.50645,34.614,26.7297,127.2304,1713.0084,27.6912,22.1145,40.35245,-433465.14147,-105.5009721,13.8284853,3.16025,5.3844,25.4995,spinel
23.68,1.52,0.446,3.74,30.0,35.2,152.8,41.44,34.0,27.6,132.0,1784.0,8.0,16.4,48.72000000000001,-330305.98,-109.7254,4.8186,2.5,6.0,23.8,spinel
5.0,1.353,1.1,6.6,70.0,80.5,190.4,34.76666666666667,60.0,69.5,101.7,3735.0,72.0,3.1,43.26666666666667,-952214.1,-255.728,11.4865,3.666666666666667,12.5,44.2,pyrochlore
36.99,1.2066,0.81,18.9,139.5,185.4,208.12,32.23999999999999,0.8200000000000001,133.2,136.44,5859.900000000001,38.97,29.7,42.56000000000001,-987713.82,-174.1833,1.62396,3.9,36.0,41.68000000000001,multiphase
32.88,1.1932,0.7200000000000001,16.8,124.0,164.8,210.24,32.14666666666667,1.64,118.4,124.88,5208.8,34.64,26.4,43.12,-877967.8400000001,-154.8296,1.52988,3.800000000000001,32.0,43.36,multiphase
10.32843,1.135702,0.273917,5.2773,38.9515,51.76780000000001,206.4194000000001,42.01652,27.643,37.19240000000001,164.8804,1636.2143,10.88129,11.0572,53.18232,-275791.64774,-48.6358481,1.4919513,3.0052,10.052,34.4818,multiphase
8.696760000000001,1.126331,0.230644,4.4436,37.539,44.1738,207.589,35.46138333333334,23.276,34.5708,165.8161,1377.7276,9.16228,9.3104,44.52576666666667,-232222.49368,-47.4160157,1.5711381,3.005200520052005,9.77857785778578,35.1960196019602,multiphase
9.60876,1.116172,0.182684,3.5196,39.646,46.65320000000001,208.9304,35.96546666666666,18.972,36.5112,166.8892,1091.2436,7.257079999999999,7.3744,44.76499999999999,-423972.61848,-100.0307628,2.0920536,3.0052,10.3264,35.9884,multiphase
17.11668,1.10102,0.282296,5.32784,42.742,50.2964,210.88,36.70693333333333,33.796,39.3624,168.4404,1703.716,6.7592,7.5544,45.11153333333334,-755248.71464,-178.1910004,3.7267048,3.006,11.1328,37.1628,multiphase
28.32625,1.530576,1.139715,7.131549999999999,83.3125,78.64699999999999,130.3957,44.35504,50.654,78.64699999999999,121.1689,1799.55,1.79955,17.329,46.04498,-2233740.8918,-417.7202105,1.42948584,2.8611,8.6645,18.8365,spinel
7.296,1.2139,0.545,9.35,70.0,88.0,180.07,23.96875,55.0,68.0,146.92,2253.5,20.0,22.0,29.87125,-472374.45,-92.6665,2.92336,3.025,11.0,31.49,perovskite
8.3904,1.22236,0.545,9.35,70.0,88.0,184.768,23.7625,55.0,68.0,151.408,2253.5,20.0,22.0,29.416,-472374.45,-92.6665,3.361864,3.01,11.0,31.676,perovskite
3.8,1.184375,0.545,9.35,70.0,88.0,187.5875,34.44375,55.0,68.0,152.775,2253.5,20.0,22.0,42.89166666666667,-472374.45,-92.6665,1.01233125,2.95,11.0,25.325,perovskite
4.47,1.182399,0.545,9.35,70.0,88.0,186.7343,34.49581666666667,55.0,68.0,151.8222,2253.5,20.0,22.0,42.63833333333334,-472374.45,-92.6665,0.95654055,2.924815036992602,10.99780043991202,24.61387722455509,perovskite
5.960000000000001,1.18,0.545,9.35,70.0,88.0,185.8,34.53333333333334,55.0,68.0,150.8,2253.5,20.0,22.0,42.36666666666667,-472374.45,-92.6665,0.89985,2.9,11.0,23.9,perovskite
8.94,1.175625,0.545,9.35,70.0,88.0,184.0125,34.62291666666667,55.0,68.0,148.825,2253.5,20.0,22.0,41.84166666666666,-472374.45,-92.6665,0.78736875,2.85,11.0,22.475,perovskite
23.68,1.618,0.512,3.44,30.0,30.4,146.6,41.28000000000001,36.0,27.6,129.2,1784.0,1.44,15.2,48.32000000000001,-240601.72,-77.1958,1.71504,2.1,6.0,25.2,rock salt
11.51281,1.656172,1.61326,10.11954,102.662,114.3948,154.8817,45.07087999999999,124.661,91.6625,126.6133,5774.004199999999,9.6048,60.13059999999999,48.63146,-1211066.87567,-402.3081791,17.6673969,2.555577775555777,19.06389361063894,26.33346665333467,spinel
17.88691,1.235637,0.248383,4.25085,25.8385,34.6736,190.1465,18.53597,18.337,25.005,96.8147,2218.777,9.3534,5.501099999999999,26.73248999999999,-272076.61866,-42.79087680000001,2.7308358,2.944427776110945,12.003600360036,56.35643564356435,pyrochlore
10.0,1.082,0.13,2.28,39.0,49.40000000000001,139.4,37.68000000000001,8.200000000000001,33.8,66.2,1470.6,18.8,5.2,57.6,-762119.38,-119.8624,7.6494,3.100000000000001,12.4,55.0,fluorite
12.86,1.632,0.512,4.100000000000001,28.0,33.2,155.4,42.52000000000001,36.0,27.8,129.6,1780.0,28.8,23.0,48.52,-450821.78,-109.7254,14.3822,3.166666666666667,6.0,26.4,spinel
22.4,1.642,0.446,4.100000000000001,28.0,33.2,154.8,43.76000000000001,36.0,27.8,128.6,1781.6,28.8,23.0,48.52,-450821.78,-109.7254,14.3822,3.066666666666666,6.0,26.6,spinel
22.4,1.65,0.512,4.100000000000001,28.0,33.2,156.8,43.76000000000001,36.0,27.8,127.6,1781.6,28.8,23.0,48.56,-450821.78,-109.7254,14.3822,3.166666666666667,5.600000000000001,26.0,spinel
22.4,1.642,0.446,4.100000000000001,28.0,33.2,154.8,43.76000000000001,36.0,27.8,128.6,1781.6,28.8,23.0,48.52,-450821.78,-109.7254,14.3822,3.066666666666667,6.0,26.6,spinel
22.4,1.65,0.512,4.100000000000001,28.0,33.2,156.8,43.76000000000001,36.0,27.8,127.6,1781.6,28.8,23.0,48.56,-450821.78,-109.7254,14.3822,3.166666666666667,5.600000000000001,26.0,spinel
22.4,1.65,0.512,4.100000000000001,28.0,33.2,156.8,43.76000000000001,36.0,27.8,127.6,1781.6,28.8,23.0,48.56,-450821.78,-109.7254,14.3822,3.166666666666667,5.600000000000001,26.0,spinel
28.33475,1.519652,1.140057,7.133689999999999,83.33749999999999,78.6706,127.5617,36.47365,50.6692,78.6706,121.7588,1800.09,1.80009,17.3342,38.43018333333333,-2234411.18164,-417.8455579,0.57196584,2.699910017996401,8.665366926614677,17.06788642271546,spinel
20.55,1.144,0.45,10.5,77.5,103.0,191.7,32.45,4.100000000000001,74.0,107.1,3255.5,21.65,16.5,44.96666666666667,-548729.9,-96.7685,4.718800000000001,3.45,20.0,48.1,pyrochlore
6.975,1.045,0.34,4.0,107.5,126.5,191.6,35.25000000000001,4.8,99.0,146.9,1755.0,17.0,3.3,48.45,-548095.7,-92.897,4.49925,2.649999999999999,28.0,53.8,multiphase
20.55,1.143,0.45,10.5,77.5,103.0,193.3,32.45,4.100000000000001,74.0,90.9,3255.5,21.65,16.5,45.06666666666666,-548729.9,-96.7685,4.718800000000001,3.45,20.0,50.8,pyrochlore
20.55,1.139,0.45,10.5,77.5,103.0,192.7,32.96666666666667,3.8,74.0,90.9,3255.5,21.65,16.5,44.95,-548729.9,-96.7685,4.718800000000001,3.45,20.0,51.2,pyrochlore
11.74227,1.110211,0.25713,5.9997,44.2835,58.8542,185.3207,33.9117,6.2876,42.2836,66.4337,1860.1927,12.861,9.4281,46.03341666666666,-542404.54399,-92.306255,6.7431652,3.214207158568287,11.42571485702859,56.85882823435313,multiphase
11.74227,1.123072,0.25713,5.9997,44.2835,58.8542,184.892,33.07811666666667,6.2876,42.2836,66.4337,1860.1927,13.23254,9.4281,45.98578333333333,-542404.54399,-87.9036489,5.1552604,3.285642871425715,11.42571485702859,57.2874425114977,multiphase
20.55,1.155615,0.45,10.5,77.5,103.0,215.6216,27.74444285714286,3.6652,74.0,87.4946,3255.5,21.65,16.5,37.9801,-548729.9,-96.7685,3.0051308,3.500100020004001,20.00400080016003,50.99779955991198,fluorite
11.74227,1.128788,0.25713,5.9997,44.2835,58.8542,185.4636,33.07811666666667,6.2876,42.2836,89.58349999999999,1860.1927,12.37081,9.4281,45.55708333333333,-544534.29701,-85.53836810000001,5.1552604,3.285642871425715,11.42571485702859,54.43001399720056,fluorite
11.74227,1.131646,0.25713,5.9997,44.2835,58.8542,218.0448,33.07811666666667,6.2876,42.2836,65.4334,1860.1927,13.23254,9.4281,45.1522,-544534.29701,-87.9036489,5.1552604,3.285642871425715,11.42571485702859,55.71585682863427,fluorite
20.55,1.155,0.45,10.5,77.5,103.0,186.375,39.575,5.125,74.0,115.375,3255.5,21.65,16.5,53.35,-548729.9,-96.7685,4.5095,3.5,20.0,48.75,fluorite
20.55,1.18625,0.45,10.5,77.5,103.0,211.375,40.45,25.0,74.0,111.5,3255.5,21.65,16.5,52.325,-548729.9,-113.08825,4.5095,3.75,20.0,50.75,fluorite
20.55,1.179,0.45,10.5,77.5,103.0,189.7,33.43333333333334,20.0,74.0,120.9,3255.5,21.65,16.5,44.05,-548729.9,-96.7685,3.6076,3.7,20.0,50.3,fluorite
10.275,1.18875,0.225,6.375,38.75,52.0,211.875,33.70833333333334,27.5,37.5,112.0,3327.5,16.375,8.625,43.64583333333334,-511488.85,-113.08825,4.5095,3.75,18.0,58.75,fluorite
10.275,1.1815,0.225,6.375,38.75,52.0,190.2,28.65714285714286,27.5,37.5,121.4,3327.5,13.1,8.25,37.79285714285714,-409191.08,-90.4706,3.6076,3.7,18.0,58.3,fluorite
17.55,1.43125,1.145,4.5,90.0,77.0,169.25,42.275,25.0,73.5,143.875,5670.0,10.5,8.625,50.75,-511488.85,-113.08825,2.81025,3.5,41.0,64.0,perovskite
22.4,1.584,0.512,3.44,30.0,32.2,152.6,42.36,36.0,27.8,128.2,1781.6,28.8,16.4,48.8,-380885.64,-109.7254,4.8186,2.666666666666667,5.600000000000001,23.6,spinel
16.665,1.204144,0.0,17.9964,72.4855,99.98,217.2107,33.90946666666667,99.98,68.9862,68.9862,8323.335000000001,31.3302,34.4931,45.09058333333333,-2045546.20892,-452.2625294,11.2387518,3.9998,36.4927,68.3329,pyrochlore
26.2864,1.372286,0.4553179999999999,4.03684,84.006,88.673,165.5144,30.70885714285714,42.246,71.87180000000001,140.8831,2090.7076,6.827999999999999,17.8372,35.03512857142857,-390147.94572,-121.6971587,5.908097699999999,1.444455554444555,8.704829517048294,22.77672232776722,others
42.86881,1.578321,1.106722,13.66735,93.338,110.6722,160.4971,37.30719999999999,106.672,84.67089999999999,127.3589,4760.237999999999,8.467089999999999,76.67049999999999,40.70809999999999,-1502814.40363,-359.5539768,47.9430637,3.733103379324135,15.99760047990402,24.13337332533493,spinel
23.68,1.618,0.512,3.44,30.0,30.4,146.6,41.28000000000001,36.0,27.6,129.2,1784.0,1.44,15.2,48.32,-240601.72,-77.1958,1.71504,2.1,6.0,25.2,rock salt
10.0,1.118,0.18,4.2,37.0,47.6,177.8,37.68000000000001,8.200000000000001,32.4,62.0,1580.2,26.2,6.600000000000001,55.24000000000001,-762119.38,-119.2048,5.7538,3.3,12.8,52.6,fluorite
21.46,1.37,0.4400000000000001,5.100000000000001,37.0,41.6,144.0,37.60000000000001,24.0,30.0,115.6,2662.0,28.8,6.600000000000001,51.2,-380885.64,-102.2912,4.5946,3.3,14.4,49.0,fluorite
10.0,1.29,0.4400000000000001,5.100000000000001,37.0,41.6,150.2,39.72000000000001,24.0,30.0,114.6,2662.0,28.8,8.8,51.36,-380885.64,-102.2912,4.5946,3.966666666666667,14.4,43.4,fluorite
9.2475,1.31625,0.4950000000000001,5.7375,34.875,46.8,168.975,39.83499999999999,27.0,33.75,128.925,2994.75,32.4,9.9,50.58,-428496.345,-115.0776,5.168925,4.025,16.2,41.575,fluorite
8.22,1.3305,0.4400000000000001,5.100000000000001,31.0,41.6,168.0,28.87142857142857,24.0,30.0,127.75,2662.0,28.8,8.8,36.15,-380885.64,-102.2912,4.5946,3.991666666666667,14.4,42.54999999999999,fluorite
22.4,1.636,0.512,3.44,28.0,32.2,144.4,42.2,36.0,27.8,127.0,1781.6,28.8,15.2,47.56,-670289.8400000001,-125.3474,4.5946,2.766666666666667,6.0,24.6,multiphase
25.0,1.34945,0.297,4.3,92.5,119.0,197.285,38.634,26.1,20.7,65.09,3676.5,47.0,13.225,52.863,-1823611.45,-295.418,14.3845,2.9675,31.0,44.15,perovskite
25.0,1.31945,0.297,4.6,92.5,115.5,193.785,44.934,26.1,20.7,65.09,2622.0,45.0,13.225,52.463,-1651381.45,-322.975,23.594,2.7175,31.5,44.65,perovskite
25.0,1.36945,0.3168,5.0,90.0,116.5,194.745,41.434,24.3,22.08,65.26,3950.5,65.5,13.225,52.059,-1819651.95,-286.9355,8.269765000000001,2.9675,32.0,45.16,perovskite
45.6,1.64735,1.17,6.555,80.0,74.1,149.205,17.13642857142857,80.75,73.0,135.125,4890.0,65.0,38.95,17.465,-784476.7024999999,-271.1035,18.271,2.78,41.5,54.8,perovskite
45.6,1.6397,1.17,6.210000000000001,80.0,71.5,148.91,17.05857142857143,76.5,73.0,134.75,4890.0,65.0,36.9,17.50142857142857,-743188.455,-271.1035,18.271,2.81,41.5,55.1,perovskite
45.6,1.63205,1.17,5.865,80.0,71.5,148.615,16.98071428571428,72.25,73.0,134.375,4890.0,65.0,34.85,17.53785714285714,-701900.2074999999,-271.1035,18.271,2.84,41.5,55.4,perovskite
10.0,1.15,0.18,5.100000000000001,39.0,46.6,171.8,38.8,22.0,33.8,125.8,2662.0,26.2,6.600000000000001,54.27999999999999,-762119.38,-119.2048,4.2736,3.4,14.4,54.4,fluorite
10.0,1.144,0.18,5.100000000000001,39.0,46.6,129.4,38.8,22.0,33.8,93.4,2662.0,26.2,6.600000000000001,54.8,-727860.78,-117.5906,4.2736,3.5,14.4,58.2,fluorite
20.55,1.149,0.45,10.5,77.5,103.0,192.9,32.38333333333333,3.8,74.0,90.9,3255.5,21.65,16.5,44.88333333333333,-548729.9,-96.7685,3.6076,3.5,20.0,51.3,multiphase
